"Код заказа","Товар","Цена","Количество","Скидка"
10248,"NuNuCa Nuss-Nougat-Creme","140,00р.",23,"0,03"
10248,"Chartreuse verte","35,30р.",1,0
10248,"Jack's New England Clam Chowder","98,00р.",10,0
10248,"Camembert Pierrot","345,00р.",4,"0,05"
10248,"Mishi Kobe Niku","348,00р.",5,0
10249,"Sir Rodney's Marmalade","186,00р.",9,0
10249,"Valkoinen suklaa","424,00р.",40,0
10250,"Boston Crab Meat","77,00р.",10,0
10250,"Chang","168,00р.",15,"0,15"
10250,"Uncle Bob's Organic Dried Pears","135,00р.",35,"0,15"
10251,"Scottish Longbreads","168,00р.",6,"0,05"
10251,"Gnocchi di nonna Alice","156,00р.",15,"0,05"
10251,"Chang","168,00р.",20,0
10252,"Louisiana Hot Spiced Okra","648,00р.",40,"0,05"
10252,"Mascarpone Fabioli","20,00р.",25,"0,05"
10252,"Raclette Courdavault","272,00р.",40,0
10253,"Original Frankfurter grune Sosse","100,00р.",20,0
10253,"Cote de Blaye","144,00р.",42,0
10253,"Chocolade","160,00р.",40,0
10254,"Outback Lager","36,00р.",15,"0,15"
10254,"Tourtiere","192,00р.",21,"0,15"
10254,"Queso Cabrales","80,00р.",21,0
10255,"Pavlova","152,00р.",20,0
10255,"Nord-Ost Matjeshering","139,00р.",35,0
10255,"Steeleye Stout","152,00р.",25,0
10255,"Escargots de Bourgogne","440,00р.",30,0
10256,"Filo Mix","262,00р.",15,0
10256,"Tofu","104,00р.",12,0
10257,"Rod Kaviar","351,00р.",25,0
10257,"Cote de Blaye","144,00р.",6,0
10257,"Tofu","104,00р.",15,0
10258,"Pavlova","152,00р.",50,"0,2"
10258,"Teatime Chocolate Biscuits","170,00р.",65,"0,2"
10258,"Gorgonzola Telino","256,00р.",6,"0,2"
10259,"Laughing Lumberjack Lager","80,00р.",10,0
10259,"Inlagd Sill","208,00р.",1,0
10260,"Boston Crab Meat","77,00р.",16,"0,25"
10260,"Gnocchi di nonna Alice","156,00р.",50,0
10260,"Sirop d'erable","394,00р.",15,"0,25"
10260,"Uncle Bob's Organic Dried Pears","120,00р.",21,"0,25"
10261,"Laughing Lumberjack Lager","80,00р.",20,0
10261,"Sasquatch Ale","144,00р.",20,0
10262,"Teatime Chocolate Biscuits","170,00р.",12,"0,2"
10262,"Sir Rodney's Scones","240,00р.",15,0
10262,"Pate chinois","304,00р.",2,0
10263,"Pavlova","785,25р.",28,0
10263,"Nord-Ost Matjeshering","1 165,05р.",60,"0,25"
10263,"Laughing Lumberjack Lager","630,00р.",60,"0,25"
10263,"Ravioli Angelo","877,50р.",36,"0,25"
10264,"Pavlova","152,00р.",35,0
10264,"Boston Crab Meat","77,00р.",25,"0,15"
10265,"Vegie-spread","312,00р.",30,0
10265,"Uncle Bob's Organic Dried Pears","120,00р.",20,0
10266,"Gumbar Gummibarchen","304,00р.",12,"0,05"
10267,"Chartreuse verte","147,00р.",50,0
10267,"Escargots de Bourgogne","440,00р.",70,"0,15"
10267,"Konbu","144,00р.",15,"0,15"
10268,"Rhonbrau Klosterbier","990,00р.",10,0
10268,"Mishi Kobe Niku","278,00р.",4,0
10269,"Mascarpone Fabioli","20,00р.",60,"0,05"
10269,"Mishi Kobe Niku","278,00р.",20,"0,05"
10270,"Steeleye Stout","152,00р.",30,0
10270,"Singaporean Hokkien Fried Mee","368,00р.",25,0
10271,"Mascarpone Fabioli","20,00р.",24,0
10272,"Louisiana Hot Spiced Okra","648,00р.",6,0
10272,"Original Frankfurter grune Sosse","100,00р.",40,0
10272,"Mishi Kobe Niku","278,00р.",24,0
10273,"Guarana Fantastica","248,00р.",24,"0,05"
10273,"Original Frankfurter grune Sosse","100,00р.",15,"0,05"
10273,"Mascarpone Fabioli","20,00р.",20,0
10273,"Chartreuse verte","147,00р.",60,"0,05"
10273,"Konbu","144,00р.",33,"0,05"
10274,"Northwoods Cranberry Sauce","172,00р.",20,0
10274,"Mishi Kobe Niku","278,00р.",7,0
10275,"Outback Lager","36,00р.",12,"0,05"
10275,"Escargots de Bourgogne","440,00р.",6,"0,05"
10276,"Guarana Fantastica","248,00р.",15,0
10276,"Schoggi Schokolade","48,00р.",10,0
10277,"Longlife Tofu","364,00р.",20,0
10277,"Sirop d'erable","394,00р.",12,0
10278,"Chartreuse verte","0,00р.",1,0
10278,"Ipoh Coffee","155,00р.",16,0
10278,"Escargots de Bourgogne","440,00р.",15,0
10278,"Tarte au sucre","351,00р.",8,0
10278,"Chang","0,00р.",1,0
10278,"Aniseed Syrup","0,00р.",1,0
10278,"Ikura","120,00р.",25,0
10279,"Vegie-spread","312,00р.",15,"0,25"
10280,"Outback Lager","36,00р.",12,0
10280,"Tourtiere","192,00р.",20,0
10280,"Queso Manchego La Pastora","62,00р.",30,0
10281,"Louisiana Fiery Hot Pepper Sauce","73,00р.",1,0
10281,"Outback Lager","36,00р.",6,0
10281,"Sasquatch Ale","144,00р.",4,0
10282,"Lakkalikoori","207,00р.",6,0
10282,"Gnocchi di nonna Alice","156,00р.",2,0
10283,"Thuringer Rostbratwurst","124,00р.",20,0
10283,"Louisiana Fiery Hot Pepper Sauce","73,00р.",18,0
10283,"Raclette Courdavault","272,00р.",35,0
10283,"Mishi Kobe Niku","278,00р.",3,0
10284,"Rod Kaviar","351,00р.",15,"0,25"
10284,"Ipoh Coffee","155,00р.",21,0
10284,"Raclette Courdavault","272,00р.",20,"0,25"
10284,"Chef Anton's Cajun Seasoning","112,00р.",5,"0,25"
10285,"Genen Shouyu","144,00р.",45,"0,2"
10285,"Chartreuse verte","147,00р.",40,"0,2"
10285,"Filo Mix","262,00р.",36,"0,2"
10286,"Sasquatch Ale","144,00р.",100,0
10286,"Sirop d'erable","394,00р.",40,0
10287,"Nord-Ost Matjeshering","139,00р.",40,"0,15"
10287,"Geitost","112,00р.",20,0
10287,"Rogede sild","96,00р.",15,"0,15"
10288,"Perth Pasties","59,00р.",10,"0,1"
10288,"Chef Anton's Gumbo Mix","100,00р.",3,"0,1"
10289,"Alice Mutton","80,00р.",30,0
10289,"Chai","266,00р.",9,0
10290,"Teatime Chocolate Biscuits","170,00р.",20,0
10290,"Rhonbrau Klosterbier","990,00р.",15,0
10290,"Chocolade","160,00р.",15,0
10290,"Tofu","104,00р.",10,0
10291,"Schoggi Schokolade","48,00р.",20,"0,1"
10291,"Ipoh Coffee","155,00р.",24,"0,1"
10291,"Valkoinen suklaa","424,00р.",2,"0,1"
10292,"Louisiana Hot Spiced Okra","648,00р.",20,0
10293,"Wimmers gute Semmelknodel","500,00р.",12,0
10293,"Outback Lager","36,00р.",10,0
10293,"Tarte au sucre","351,00р.",5,0
10293,"Queso Manchego La Pastora","62,00р.",6,0
10294,"Genen Shouyu","144,00р.",18,0
10294,"Vegie-spread","312,00р.",15,0
10294,"Singaporean Hokkien Fried Mee","368,00р.",15,0
10294,"Raclette Courdavault","272,00р.",21,0
10294,"Queso Manchego La Pastora","62,00р.",6,0
10295,"Pate chinois","304,00р.",4,0
10296,"NuNuCa Nuss-Nougat-Creme","168,00р.",12,0
10296,"Nord-Ost Matjeshering","139,00р.",30,0
10296,"Grandma's Boysenberry Spread","288,00р.",15,0
10297,"Cote de Blaye","144,00р.",60,0
10297,"Mishi Kobe Niku","278,00р.",20,0
10298,"Pavlova","152,00р.",40,0
10298,"Steeleye Stout","152,00р.",40,"0,25"
10298,"Escargots de Bourgogne","440,00р.",30,"0,25"
10298,"Sirop d'erable","394,00р.",15,0
10299,"Louisiana Fiery Hot Pepper Sauce","73,00р.",15,0
10299,"Uncle Bob's Organic Dried Pears","120,00р.",20,0
10300,"Aniseed Syrup","136,00р.",30,0
10300,"Chef Anton's Gumbo Mix","100,00р.",20,0
10301,"Chartreuse verte","147,00р.",10,0
10301,"Pate chinois","304,00р.",20,0
10302,"Vegie-spread","312,00р.",40,0
10302,"Longlife Tofu","364,00р.",28,0
10302,"Singaporean Hokkien Fried Mee","368,00р.",12,0
10303,"Chartreuse verte","147,00р.",40,"0,1"
10303,"Chang","168,00р.",30,"0,1"
10303,"Chef Anton's Gumbo Mix","100,00р.",15,"0,1"
10304,"Chocolade","160,00р.",30,0
10304,"Escargots de Bourgogne","440,00р.",10,0
10304,"Northwoods Cranberry Sauce","172,00р.",2,0
10305,"Wimmers gute Semmelknodel","500,00р.",25,"0,1"
10305,"Rhonbrau Klosterbier","990,00р.",25,"0,1"
10305,"Cote de Blaye","144,00р.",30,"0,1"
10306,"Lakkalikoori","207,00р.",10,0
10306,"Filo Mix","262,00р.",10,0
10306,"Perth Pasties","59,00р.",5,0
10307,"Sirop d'erable","394,00р.",10,0
10307,"Chef Anton's Gumbo Mix","100,00р.",3,0
10308,"Alice Mutton","345,30р.",1,0
10308,"Carnarvon Tigers","534,50р.",1,0
10308,"Aniseed Syrup","55,30р.",1,0
10308,"Grandma's Boysenberry Spread","288,00р.",1,0
10308,"Uncle Bob's Organic Dried Pears","120,00р.",5,0
10309,"Carnarvon Tigers","176,00р.",20,0
10309,"Sir Rodney's Marmalade","200,00р.",30,0
10309,"Jack's New England Clam Chowder","112,00р.",2,0
10309,"Singaporean Hokkien Fried Mee","368,00р.",20,0
10309,"Northwoods Cranberry Sauce","172,00р.",3,0
10310,"Nord-Ost Matjeshering","139,00р.",10,0
10310,"Sirop d'erable","394,00р.",5,0
10311,"Jack's New England Clam Chowder","112,00р.",6,0
10311,"Grandma's Boysenberry Spread","288,00р.",7,0
10312,"Longlife Tofu","364,00р.",4,0
10312,"Singaporean Hokkien Fried Mee","368,00р.",24,0
10312,"Filo Mix","262,00р.",20,0
10312,"Queso Manchego La Pastora","62,00р.",10,0
10313,"Steeleye Stout","152,00р.",12,0
10314,"Gorgonzola Telino","256,00р.",40,"0,1"
10314,"Ravioli Angelo","106,00р.",30,"0,1"
10314,"Sirop d'erable","394,00р.",25,"0,1"
10315,"Geitost","112,00р.",14,0
10315,"Uncle Bob's Organic Dried Pears","120,00р.",30,0
10316,"Boston Crab Meat","77,00р.",10,0
10316,"Sirop d'erable","394,00р.",70,0
10317,"Genen Shouyu","144,00р.",20,0
10318,"Boston Crab Meat","77,00р.",20,0
10318,"Konbu","144,00р.",6,0
10319,"Vegie-spread","312,00р.",8,0
10319,"Longlife Tofu","364,00р.",14,0
10319,"Konbu","144,00р.",30,0
10320,"Northwoods Cranberry Sauce","172,00р.",30,0
10321,"Sasquatch Ale","144,00р.",10,0
10322,"Manjimup Dried Apples","56,00р.",20,0
10323,"Thuringer Rostbratwurst","124,00р.",5,0
10323,"Flotemysost","112,00р.",4,0
10323,"Cote de Blaye","144,00р.",4,0
10324,"Nord-Ost Matjeshering","139,00р.",21,"0,15"
10324,"Sasquatch Ale","144,00р.",70,"0,15"
10324,"Rogede sild","96,00р.",30,0
10324,"Escargots de Bourgogne","440,00р.",40,"0,15"
10324,"Tarte au sucre","351,00р.",80,"0,15"
10325,"Sir Rodney's Marmalade","200,00р.",6,0
10325,"Schoggi Schokolade","48,00р.",12,0
10325,"Rossle Sauerkraut","186,00р.",9,0
10325,"Original Frankfurter grune Sosse","100,00р.",4,0
10325,"Mishi Kobe Niku","278,00р.",40,0
10326,"Carnarvon Tigers","176,00р.",24,0
10326,"Gnocchi di nonna Alice","156,00р.",16,0
10326,"Queso Manchego La Pastora","62,00р.",50,0
10327,"Pavlova","152,00р.",25,"0,2"
10327,"NuNuCa Nuss-Nougat-Creme","168,00р.",50,"0,2"
10327,"Lakkalikoori","207,00р.",35,"0,2"
10327,"Ravioli Angelo","106,00р.",30,"0,2"
10328,"Escargots de Bourgogne","440,00р.",9,0
10328,"Chang","168,00р.",40,0
10328,"Chef Anton's Gumbo Mix","100,00р.",10,0
10329,"Louisiana Fiery Hot Pepper Sauce","73,00р.",10,"0,05"
10329,"Lakkalikoori","207,00р.",8,"0,05"
10329,"Gravad lax","2 108,00р.",20,"0,05"
10329,"Pate chinois","304,00р.",12,"0,05"
10330,"Mozzarella di Giovanni","249,00р.",50,"0,15"
10330,"Mishi Kobe Niku","278,00р.",25,"0,15"
10331,"Perth Pasties","59,00р.",15,0
10332,"Wimmers gute Semmelknodel","500,00р.",40,"0,2"
10332,"Jack's New England Clam Chowder","112,00р.",10,"0,2"
10332,"Spegesild","76,00р.",16,"0,2"
10333,"Rossle Sauerkraut","186,00р.",10,0
10333,"Laughing Lumberjack Lager","80,00р.",10,"0,1"
10333,"Northwoods Cranberry Sauce","172,00р.",40,"0,1"
10334,"Manjimup Dried Apples","56,00р.",8,0
10334,"Chef Anton's Gumbo Mix","100,00р.",10,0
10335,"Pavlova","152,00р.",7,"0,2"
10335,"Original Frankfurter grune Sosse","100,00р.",25,"0,2"
10335,"Gorgonzola Telino","256,00р.",6,"0,2"
10335,"Valkoinen suklaa","424,00р.",48,"0,2"
10336,"Carnarvon Tigers","176,00р.",18,"0,1"
10337,"Gudbrandsdalsost","72,00р.",40,0
10337,"Mozzarella di Giovanni","249,00р.",24,0
10337,"Steeleye Stout","152,00р.",20,0
10337,"Inlagd Sill","208,00р.",28,0
10337,"Mishi Kobe Niku","278,00р.",25,0
10338,"Vegie-spread","312,00р.",20,0
10338,"Lakkalikoori","207,00р.",15,0
10339,"Carnarvon Tigers","176,00р.",10,0
10339,"Vegie-spread","312,00р.",70,"0,05"
10339,"Sirop d'erable","394,00р.",28,0
10340,"Wimmers gute Semmelknodel","500,00р.",20,"0,05"
10340,"Boston Crab Meat","77,00р.",12,"0,05"
10340,"Singaporean Hokkien Fried Mee","368,00р.",40,"0,05"
10341,"Mascarpone Fabioli","20,00р.",8,0
10341,"Escargots de Bourgogne","440,00р.",9,"0,15"
10342,"Pavlova","152,00р.",24,"0,2"
10342,"Original Frankfurter grune Sosse","100,00р.",56,"0,2"
10342,"Steeleye Stout","152,00р.",40,"0,2"
10342,"Tourtiere","192,00р.",40,"0,2"
10343,"Chai","266,00р.",50,0
10343,"Chef Anton's Gumbo Mix","100,00р.",4,"0,05"
10343,"Konbu","144,00р.",15,0
10344,"Carnarvon Tigers","176,00р.",35,0
10344,"Gustaf's Knackebrod","320,00р.",70,"0,25"
10345,"Gustaf's Knackebrod","320,00р.",70,0
10345,"Louisiana Fiery Hot Pepper Sauce","73,00р.",80,0
10345,"Jack's New England Clam Chowder","112,00р.",9,0
10346,"Vegie-spread","312,00р.",36,"0,1"
10346,"Pate chinois","304,00р.",20,0
10347,"Flotemysost","112,00р.",10,0
10347,"Cote de Blaye","144,00р.",50,"0,15"
10347,"Chartreuse verte","147,00р.",4,0
10347,"Queso Manchego La Pastora","62,00р.",6,"0,15"
10348,"Genen Shouyu","144,00р.",15,"0,15"
10348,"Gudbrandsdalsost","72,00р.",25,0
10349,"Perth Pasties","59,00р.",24,0
10350,"Maxilaku","130,00р.",15,"0,1"
10350,"Grandma's Boysenberry Spread","288,00р.",18,"0,1"
10351,"Gravad lax","2 108,00р.",20,"0,05"
10351,"Boston Crab Meat","77,00р.",13,0
10351,"Ipoh Coffee","155,00р.",77,"0,05"
10351,"Chang","168,00р.",10,"0,05"
10352,"Outback Lager","36,00р.",10,0
10352,"Perth Pasties","59,00р.",20,"0,15"
10353,"NuNuCa Nuss-Nougat-Creme","168,00р.",12,"0,2"
10353,"Gravad lax","2 108,00р.",50,"0,2"
10354,"Genen Shouyu","144,00р.",12,0
10354,"Rhonbrau Klosterbier","990,00р.",4,0
10355,"Outback Lager","36,00р.",25,0
10355,"Gnocchi di nonna Alice","156,00р.",25,0
10356,"Original Frankfurter grune Sosse","100,00р.",30,0
10356,"Tourtiere","192,00р.",12,0
10356,"Grandma's Boysenberry Spread","288,00р.",20,0
10357,"Guarana Fantastica","248,00р.",30,"0,2"
10357,"Mozzarella di Giovanni","249,00р.",16,0
10357,"Raclette Courdavault","272,00р.",8,"0,2"
10358,"Outback Lager","36,00р.",10,"0,05"
10358,"Geitost","112,00р.",10,"0,05"
10358,"Steeleye Stout","152,00р.",20,"0,05"
10359,"Nord-Ost Matjeshering","139,00р.",56,"0,05"
10359,"Original Frankfurter grune Sosse","100,00р.",70,"0,05"
10359,"Raclette Courdavault","272,00р.",80,"0,05"
10360,"Longlife Tofu","364,00р.",30,0
10360,"Rhonbrau Klosterbier","990,00р.",35,0
10360,"Gravad lax","2 108,00р.",10,0
10360,"Chocolade","160,00р.",35,0
10360,"Perth Pasties","59,00р.",28,0
10361,"Cote de Blaye","144,00р.",54,"0,1"
10361,"Raclette Courdavault","272,00р.",55,"0,1"
10362,"Flotemysost","112,00р.",50,0
10362,"Valkoinen suklaa","424,00р.",20,0
10362,"Perth Pasties","59,00р.",24,0
10363,"Original Frankfurter grune Sosse","100,00р.",20,0
10363,"Queso Manchego La Pastora","62,00р.",12,0
10363,"Konbu","144,00р.",12,0
10364,"Grandma's Boysenberry Spread","288,00р.",30,0
10364,"Northwoods Cranberry Sauce","172,00р.",5,0
10365,"NuNuCa Nuss-Nougat-Creme","168,00р.",24,0
10366,"Chang","168,00р.",5,0
10366,"Tofu","104,00р.",5,0
10367,"Geitost","112,00р.",36,0
10367,"Perth Pasties","59,00р.",18,0
10367,"Chang","168,00р.",15,0
10367,"Tofu","104,00р.",7,0
10368,"Laughing Lumberjack Lager","80,00р.",5,"0,1"
10368,"Longlife Tofu","364,00р.",13,"0,1"
10368,"Gnocchi di nonna Alice","156,00р.",25,0
10368,"Chai","266,00р.",35,"0,1"
10369,"Rhonbrau Klosterbier","990,00р.",20,0
10369,"Pate chinois","304,00р.",18,"0,25"
10370,"Genen Shouyu","144,00р.",15,"0,15"
10370,"Chai","266,00р.",30,0
10370,"Queso Cabrales","80,00р.",20,"0,15"
10371,"Steeleye Stout","152,00р.",6,"0,2"
10372,"Louisiana Hot Spiced Okra","648,00р.",12,"0,25"
10372,"Gravad lax","2 108,00р.",40,"0,25"
10372,"Raclette Courdavault","272,00р.",70,"0,25"
10372,"Mishi Kobe Niku","278,00р.",42,"0,25"
10373,"Ravioli Angelo","106,00р.",80,"0,2"
10373,"Northwoods Cranberry Sauce","172,00р.",50,"0,2"
10374,"Original Frankfurter grune Sosse","100,00р.",30,0
10374,"Ravioli Angelo","106,00р.",15,0
10375,"Rossle Sauerkraut","186,00р.",15,0
10375,"Perth Pasties","59,00р.",10,0
10376,"Original Frankfurter grune Sosse","100,00р.",42,"0,05"
10377,"Longlife Tofu","364,00р.",20,"0,15"
10377,"Cote de Blaye","144,00р.",20,"0,15"
10378,"Northwoods Cranberry Sauce","172,00р.",6,0
10379,"Boston Crab Meat","77,00р.",8,"0,1"
10379,"Tarte au sucre","351,00р.",16,"0,1"
10379,"Chang","168,00р.",20,"0,1"
10380,"Lakkalikoori","207,00р.",18,"0,1"
10380,"Filo Mix","262,00р.",20,"0,1"
10380,"Raclette Courdavault","272,00р.",6,"0,1"
10380,"Uncle Bob's Organic Dried Pears","120,00р.",30,0
10381,"Queso Cabrales","80,00р.",14,0
10382,"Teatime Chocolate Biscuits","170,00р.",32,0
10382,"Wimmers gute Semmelknodel","500,00р.",9,0
10382,"Rhonbrau Klosterbier","990,00р.",14,0
10382,"Mascarpone Fabioli","20,00р.",60,0
10382,"Queso Cabrales","80,00р.",50,0
10383,"Schoggi Schokolade","48,00р.",20,0
10383,"Maxilaku","130,00р.",15,0
10383,"Pate chinois","304,00р.",20,0
10384,"Louisiana Hot Spiced Okra","648,00р.",28,0
10384,"Raclette Courdavault","272,00р.",15,0
10385,"Sir Rodney's Scones","240,00р.",10,"0,2"
10385,"Raclette Courdavault","272,00р.",20,"0,2"
10385,"Chef Anton's Gumbo Mix","100,00р.",8,"0,2"
10386,"Outback Lager","36,00р.",15,0
10386,"Geitost","112,00р.",10,0
10387,"Outback Lager","36,00р.",15,0
10387,"Longlife Tofu","364,00р.",6,0
10387,"Escargots de Bourgogne","440,00р.",12,0
10387,"Northwoods Cranberry Sauce","172,00р.",15,0
10388,"Gula Malacca","76,00р.",15,"0,2"
10388,"Manjimup Dried Apples","56,00р.",20,"0,2"
10388,"Filo Mix","262,00р.",40,0
10389,"Guarana Fantastica","248,00р.",16,0
10389,"Tourtiere","192,00р.",15,0
10389,"Sirop d'erable","394,00р.",20,0
10389,"Uncle Bob's Organic Dried Pears","120,00р.",30,0
10390,"Original Frankfurter grune Sosse","100,00р.",60,"0,1"
10390,"Sasquatch Ale","144,00р.",40,"0,1"
10390,"Rogede sild","96,00р.",45,0
10390,"Mishi Kobe Niku","278,00р.",24,"0,1"
10391,"Schoggi Schokolade","48,00р.",18,0
10392,"Grandma's Boysenberry Spread","288,00р.",50,0
10393,"Pavlova","152,00р.",25,"0,25"
10393,"Rossle Sauerkraut","186,00р.",42,"0,25"
10393,"Flotemysost","112,00р.",7,"0,25"
10393,"Mozzarella di Giovanni","249,00р.",70,"0,25"
10393,"Original Frankfurter grune Sosse","100,00р.",32,0
10394,"Schoggi Schokolade","48,00р.",10,0
10394,"Sirop d'erable","394,00р.",10,0
10395,"Rogede sild","96,00р.",28,"0,1"
10395,"Filo Mix","262,00р.",70,"0,1"
10395,"Grandma's Boysenberry Spread","288,00р.",8,0
10396,"Gudbrandsdalsost","72,00р.",40,0
10396,"Northwoods Cranberry Sauce","172,00р.",60,0
10396,"Mishi Kobe Niku","278,00р.",21,0
10397,"Laughing Lumberjack Lager","80,00р.",10,"0,15"
10397,"Valkoinen suklaa","424,00р.",18,"0,15"
10398,"Sasquatch Ale","144,00р.",30,0
10398,"Tourtiere","192,00р.",120,"0,1"
10399,"Chef Anton's Gumbo Mix","100,00р.",60,0
10399,"Northwoods Cranberry Sauce","172,00р.",30,0
10399,"Konbu","144,00р.",35,0
10399,"Tofu","104,00р.",14,0
10400,"Rhonbrau Klosterbier","990,00р.",21,0
10400,"Sasquatch Ale","144,00р.",35,0
10400,"Chocolade","160,00р.",30,0
10401,"Lakkalikoori","207,00р.",18,0
10401,"Pate chinois","304,00р.",70,0
10401,"Chang","168,00р.",20,0
10401,"Northwoods Cranberry Sauce","172,00р.",60,0
10402,"Gudbrandsdalsost","72,00р.",60,0
10402,"Tarte au sucre","351,00р.",65,0
10403,"Nord-Ost Matjeshering","139,00р.",21,"0,15"
10403,"Zaanse koeken","102,00р.",70,"0,15"
10404,"Mozzarella di Giovanni","249,00р.",30,"0,05"
10404,"Jack's New England Clam Chowder","112,00р.",40,"0,05"
10404,"Chocolade","160,00р.",30,"0,05"
10405,"Alice Mutton","80,00р.",50,0
10406,"Genen Shouyu","144,00р.",10,0
10406,"Laughing Lumberjack Lager","80,00р.",30,"0,1"
10406,"Longlife Tofu","364,00р.",42,"0,1"
10406,"Steeleye Stout","152,00р.",5,"0,1"
10406,"Chartreuse verte","147,00р.",2,"0,1"
10407,"NuNuCa Nuss-Nougat-Creme","168,00р.",30,0
10407,"Grandma's Boysenberry Spread","288,00р.",15,0
10407,"Northwoods Cranberry Sauce","172,00р.",15,0
10408,"Inlagd Sill","208,00р.",10,0
10408,"Perth Pasties","59,00р.",6,0
10408,"Sirop d'erable","394,00р.",35,0
10409,"Rossle Sauerkraut","186,00р.",12,0
10409,"Laughing Lumberjack Lager","80,00р.",12,0
10410,"Mascarpone Fabioli","20,00р.",49,0
10410,"Escargots de Bourgogne","440,00р.",16,0
10411,"Boston Crab Meat","77,00р.",25,"0,2"
10411,"Ipoh Coffee","155,00р.",40,"0,2"
10411,"Escargots de Bourgogne","440,00р.",9,"0,2"
10412,"Rossle Sauerkraut","186,00р.",20,"0,1"
10413,"Genen Shouyu","144,00р.",24,0
10413,"Sirop d'erable","394,00р.",40,0
10413,"Konbu","144,00р.",14,0
10414,"Louisiana Fiery Hot Pepper Sauce","73,00р.",18,"0,05"
10414,"Mascarpone Fabioli","20,00р.",50,0
10415,"Vegie-spread","312,00р.",2,0
10415,"Mascarpone Fabioli","20,00р.",20,0
10416,"Louisiana Fiery Hot Pepper Sauce","73,00р.",20,0
10416,"Filo Mix","262,00р.",10,0
10416,"Gnocchi di nonna Alice","156,00р.",20,0
10417,"Gravad lax","2 108,00р.",50,0
10417,"Rogede sild","96,00р.",2,"0,25"
10417,"Chef Anton's Gumbo Mix","100,00р.",36,"0,25"
10417,"Tofu","104,00р.",35,0
10418,"Pavlova","152,00р.",60,0
10418,"Spegesild","76,00р.",55,0
10418,"Camembert Pierrot","228,00р.",16,0
10418,"Queso Cabrales","80,00р.",15,0
10419,"Raclette Courdavault","272,00р.",60,"0,05"
10419,"Grandma's Boysenberry Spread","288,00р.",20,"0,05"
10420,"Tunnbrod","776,00р.",20,"0,1"
10420,"Schoggi Schokolade","48,00р.",2,"0,1"
10420,"Uncle Bob's Organic Dried Pears","120,00р.",8,"0,1"
10420,"Ikura","120,00р.",20,"0,1"
10421,"Louisiana Fiery Hot Pepper Sauce","73,00р.",4,"0,15"
10421,"Mozzarella di Giovanni","249,00р.",30,0
10421,"Filo Mix","262,00р.",15,"0,15"
10421,"Tofu","104,00р.",10,"0,15"
10422,"Mozzarella di Giovanni","249,00р.",2,0
10423,"Original Frankfurter grune Sosse","100,00р.",14,0
10423,"Escargots de Bourgogne","440,00р.",20,0
10424,"Sasquatch Ale","144,00р.",60,"0,2"
10424,"Gravad lax","2 108,00р.",49,"0,2"
10424,"Chef Anton's Gumbo Mix","100,00р.",30,"0,2"
10425,"Tourtiere","192,00р.",10,"0,25"
10425,"Konbu","144,00р.",20,"0,25"
10426,"Pate chinois","304,00р.",5,0
10426,"Chai","266,00р.",7,0
10427,"Rossle Sauerkraut","186,00р.",35,0
10428,"Rogede sild","96,00р.",20,0
10429,"Maxilaku","130,00р.",40,0
10429,"Tarte au sucre","351,00р.",35,"0,25"
10430,"Vegie-spread","312,00р.",45,"0,2"
10430,"Laughing Lumberjack Lager","80,00р.",50,0
10430,"Pate chinois","304,00р.",30,0
10430,"Escargots de Bourgogne","440,00р.",70,"0,2"
10431,"Vegie-spread","312,00р.",50,"0,25"
10431,"Chartreuse verte","147,00р.",50,"0,25"
10431,"Spegesild","76,00р.",30,"0,25"
10432,"Mozzarella di Giovanni","249,00р.",10,0
10432,"Perth Pasties","59,00р.",40,0
10433,"Pate chinois","304,00р.",28,0
10434,"NuNuCa Nuss-Nougat-Creme","168,00р.",6,0
10434,"Konbu","144,00р.",18,"0,15"
10435,"Pavlova","152,00р.",10,0
10435,"Scottish Longbreads","168,00р.",12,0
10435,"Mishi Kobe Niku","278,00р.",10,0
10436,"Rogede sild","96,00р.",5,0
10436,"Pate chinois","304,00р.",40,"0,1"
10436,"Chai","266,00р.",30,"0,1"
10436,"Queso Manchego La Pastora","62,00р.",24,"0,1"
10437,"Filo Mix","262,00р.",15,0
10438,"Louisiana Fiery Hot Pepper Sauce","73,00р.",15,"0,2"
10438,"Geitost","112,00р.",20,"0,2"
10438,"Gnocchi di nonna Alice","156,00р.",15,"0,2"
10439,"Gumbar Gummibarchen","304,00р.",15,0
10439,"Nord-Ost Matjeshering","139,00р.",16,0
10439,"Chai","266,00р.",6,0
10439,"Queso Cabrales","80,00р.",30,0
10440,"Pavlova","152,00р.",45,"0,15"
10440,"Nord-Ost Matjeshering","139,00р.",49,"0,15"
10440,"Rhonbrau Klosterbier","990,00р.",24,"0,15"
10440,"Camembert Pierrot","228,00р.",90,"0,15"
10441,"Rod Kaviar","351,00р.",50,0
10442,"NuNuCa Nuss-Nougat-Creme","168,00р.",30,0
10442,"Perth Pasties","59,00р.",80,0
10442,"Aniseed Syrup","136,00р.",60,0
10443,"NuNuCa Nuss-Nougat-Creme","168,00р.",6,"0,2"
10443,"Longlife Tofu","364,00р.",12,0
10444,"Vegie-spread","312,00р.",10,0
10444,"Mozzarella di Giovanni","249,00р.",15,0
10444,"Sasquatch Ale","144,00р.",8,0
10444,"Boston Crab Meat","77,00р.",30,0
10445,"Cote de Blaye","144,00р.",6,0
10445,"Perth Pasties","59,00р.",15,0
10446,"Louisiana Fiery Hot Pepper Sauce","73,00р.",12,"0,1"
10446,"Outback Lager","36,00р.",20,"0,1"
10446,"Original Frankfurter grune Sosse","100,00р.",3,"0,1"
10446,"Manjimup Dried Apples","56,00р.",15,"0,1"
10447,"Louisiana Fiery Hot Pepper Sauce","73,00р.",40,0
10447,"Chang","168,00р.",35,0
10447,"Northwoods Cranberry Sauce","172,00р.",2,0
10448,"Mozzarella di Giovanni","249,00р.",6,0
10448,"Chartreuse verte","147,00р.",20,0
10449,"Guarana Fantastica","248,00р.",14,0
10449,"Manjimup Dried Apples","56,00р.",20,0
10449,"Sirop d'erable","394,00р.",35,0
10450,"Guarana Fantastica","248,00р.",20,"0,2"
10450,"Perth Pasties","59,00р.",6,"0,2"
10451,"Tourtiere","192,00р.",120,"0,1"
10451,"Chai","266,00р.",35,"0,1"
10451,"Chang","168,00р.",28,"0,1"
10451,"Tofu","104,00р.",55,"0,1"
10452,"Longlife Tofu","364,00р.",15,0
10452,"Ipoh Coffee","155,00р.",100,"0,05"
10453,"Zaanse koeken","102,00р.",15,"0,1"
10453,"Uncle Bob's Organic Dried Pears","120,00р.",25,"0,1"
10454,"Nord-Ost Matjeshering","139,00р.",20,"0,2"
10454,"Mascarpone Fabioli","20,00р.",20,"0,2"
10454,"Rogede sild","96,00р.",10,"0,2"
10455,"Cote de Blaye","144,00р.",20,0
10455,"Filo Mix","262,00р.",50,0
10455,"Camembert Pierrot","228,00р.",25,0
10455,"Northwoods Cranberry Sauce","172,00р.",30,0
10456,"Laughing Lumberjack Lager","80,00р.",40,"0,15"
10456,"Chocolade","160,00р.",21,"0,15"
10457,"Escargots de Bourgogne","440,00р.",36,0
10458,"Mozzarella di Giovanni","249,00р.",30,0
10458,"Longlife Tofu","364,00р.",30,0
10458,"Singaporean Hokkien Fried Mee","368,00р.",20,0
10458,"Pate chinois","304,00р.",15,0
10458,"Northwoods Cranberry Sauce","172,00р.",50,0
10459,"Sir Rodney's Scones","240,00р.",16,"0,05"
10459,"Rogede sild","96,00р.",20,"0,05"
10459,"Mishi Kobe Niku","278,00р.",40,0
10460,"Chef Anton's Gumbo Mix","100,00р.",21,"0,25"
10460,"Queso Manchego La Pastora","62,00р.",4,"0,25"
10461,"Laughing Lumberjack Lager","80,00р.",40,"0,25"
10461,"Lakkalikoori","207,00р.",28,"0,25"
10461,"Tourtiere","192,00р.",60,"0,25"
10462,"Schoggi Schokolade","48,00р.",1,0
10462,"Gudbrandsdalsost","72,00р.",21,0
10463,"Louisiana Fiery Hot Pepper Sauce","73,00р.",21,0
10463,"Jack's New England Clam Chowder","112,00р.",50,0
10464,"Carnarvon Tigers","176,00р.",16,"0,2"
10464,"Singaporean Hokkien Fried Mee","368,00р.",3,0
10464,"Pate chinois","304,00р.",30,"0,2"
10464,"Raclette Courdavault","272,00р.",20,0
10465,"Outback Lager","36,00р.",25,0
10465,"Rhonbrau Klosterbier","990,00р.",18,"0,1"
10465,"Chartreuse verte","147,00р.",20,0
10465,"Gula Malacca","76,00р.",30,"0,1"
10465,"Maxilaku","130,00р.",25,0
10466,"NuNuCa Nuss-Nougat-Creme","168,00р.",10,0
10466,"Rogede sild","96,00р.",5,0
10467,"Outback Lager","36,00р.",28,0
10467,"Flotemysost","112,00р.",12,0
10468,"Lakkalikoori","207,00р.",8,0
10468,"Singaporean Hokkien Fried Mee","368,00р.",15,0
10469,"Pavlova","152,00р.",40,"0,15"
10469,"Nord-Ost Matjeshering","139,00р.",35,"0,15"
10469,"Ipoh Coffee","155,00р.",2,"0,15"
10470,"Wimmers gute Semmelknodel","500,00р.",30,0
10470,"Gudbrandsdalsost","72,00р.",15,0
10470,"Chai","266,00р.",8,0
10471,"Sir Rodney's Scones","240,00р.",30,0
10471,"Pate chinois","304,00р.",20,0
10472,"Outback Lager","36,00р.",80,"0,05"
10472,"Valkoinen suklaa","424,00р.",18,0
10473,"Mascarpone Fabioli","20,00р.",12,0
10473,"Northwoods Cranberry Sauce","172,00р.",12,0
10474,"Rossle Sauerkraut","186,00р.",12,0
10474,"Longlife Tofu","364,00р.",18,0
10474,"Chartreuse verte","147,00р.",21,0
10474,"Queso Manchego La Pastora","62,00р.",10,0
10475,"Original Frankfurter grune Sosse","100,00р.",35,"0,15"
10475,"Aniseed Syrup","136,00р.",60,"0,15"
10475,"Konbu","144,00р.",42,"0,15"
10476,"Tourtiere","192,00р.",2,"0,05"
10476,"Uncle Bob's Organic Dried Pears","120,00р.",12,0
10477,"Genen Shouyu","144,00р.",15,0
10477,"Laughing Lumberjack Lager","80,00р.",21,"0,25"
10477,"Cote de Blaye","144,00р.",20,"0,25"
10478,"Guarana Fantastica","248,00р.",20,"0,05"
10479,"Gravad lax","2 108,00р.",30,0
10479,"Filo Mix","262,00р.",28,0
10479,"Escargots de Bourgogne","440,00р.",60,0
10479,"Chai","266,00р.",30,0
10480,"Spegesild","76,00р.",30,0
10480,"Escargots de Bourgogne","440,00р.",12,0
10481,"Chocolade","160,00р.",24,0
10481,"Raclette Courdavault","272,00р.",40,0
10482,"Chartreuse verte","147,00р.",10,0
10483,"Geitost","112,00р.",35,"0,05"
10483,"Tofu","104,00р.",30,"0,05"
10484,"Laughing Lumberjack Lager","80,00р.",14,0
10484,"Chartreuse verte","147,00р.",10,0
10484,"Valkoinen suklaa","424,00р.",3,0
10485,"Pavlova","152,00р.",20,"0,1"
10485,"Alice Mutton","80,00р.",20,"0,1"
10485,"Tourtiere","192,00р.",30,"0,1"
10485,"Uncle Bob's Organic Dried Pears","120,00р.",60,"0,1"
10486,"NuNuCa Nuss-Nougat-Creme","168,00р.",5,0
10486,"Valkoinen suklaa","424,00р.",25,0
10486,"Queso Cabrales","80,00р.",16,0
10487,"Louisiana Fiery Hot Pepper Sauce","73,00р.",5,0
10487,"Mozzarella di Giovanni","249,00р.",30,0
10487,"Perth Pasties","59,00р.",24,"0,25"
10488,"Escargots de Bourgogne","440,00р.",30,0
10488,"Ikura","120,00р.",20,"0,2"
10489,"NuNuCa Nuss-Nougat-Creme","168,00р.",15,"0,25"
10489,"Nord-Ost Matjeshering","139,00р.",18,0
10490,"Escargots de Bourgogne","440,00р.",60,0
10490,"Chef Anton's Gumbo Mix","100,00р.",30,0
10490,"Queso Manchego La Pastora","62,00р.",36,0
10491,"Ipoh Coffee","155,00р.",15,"0,15"
10491,"Tofu","104,00р.",7,"0,15"
10492,"Flotemysost","112,00р.",60,"0,05"
10492,"Jack's New England Clam Chowder","112,00р.",20,"0,05"
10493,"Chang","168,00р.",15,"0,1"
10493,"Aniseed Syrup","136,00р.",10,"0,1"
10493,"Grandma's Boysenberry Spread","288,00р.",10,"0,1"
10494,"Pate chinois","304,00р.",30,0
10495,"Gudbrandsdalsost","72,00р.",10,0
10495,"Boston Crab Meat","77,00р.",20,0
10495,"Tofu","104,00р.",5,0
10496,"Original Frankfurter grune Sosse","100,00р.",20,"0,05"
10497,"Pate chinois","304,00р.",14,0
10497,"Mishi Kobe Niku","278,00р.",25,0
10497,"Tofu","104,00р.",25,0
10498,"Outback Lager","45,00р.",14,0
10498,"Chartreuse verte","184,00р.",5,0
10498,"Jack's New England Clam Chowder","140,00р.",30,0
10499,"Longlife Tofu","456,00р.",20,0
10499,"Chocolade","200,00р.",25,0
10500,"Thuringer Rostbratwurst","155,00р.",12,"0,05"
10500,"Longlife Tofu","456,00р.",8,"0,05"
10501,"Camembert Pierrot","1 530,00р.",1,0
10501,"Chang","855,00р.",1,0
10501,"Queso Manchego La Pastora","1 710,00р.",20,0
10502,"Gula Malacca","95,00р.",21,0
10502,"Filo Mix","328,00р.",6,0
10502,"Chef Anton's Cajun Seasoning","140,00р.",30,0
10503,"Rossle Sauerkraut","232,50р.",70,0
10503,"Chang","210,50р.",20,0
10504,"Pavlova","190,00р.",12,0
10504,"Laughing Lumberjack Lager","100,00р.",12,0
10504,"Filo Mix","328,00р.",10,0
10504,"Camembert Pierrot","285,00р.",25,0
10505,"Sirop d'erable","493,00р.",3,0
10506,"Flotemysost","140,00р.",18,"0,1"
10506,"Uncle Bob's Organic Dried Pears","150,00р.",14,"0,1"
10507,"Singaporean Hokkien Fried Mee","460,00р.",15,"0,15"
10507,"Zaanse koeken","127,50р.",15,"0,15"
10508,"Schoggi Schokolade","60,00р.",10,0
10508,"Cote de Blaye","180,00р.",10,0
10509,"Longlife Tofu","456,00р.",3,0
10510,"Rhonbrau Klosterbier","1 237,90р.",36,0
10510,"Queso Manchego La Pastora","77,50р.",36,"0,1"
10511,"Carnarvon Tigers","220,00р.",50,"0,15"
10511,"Sir Rodney's Scones","300,00р.",50,"0,15"
10511,"Gustaf's Knackebrod","400,00р.",10,"0,15"
10512,"Outback Lager","45,00р.",10,"0,15"
10512,"Rogede sild","120,00р.",9,"0,15"
10512,"Spegesild","95,00р.",6,"0,15"
10512,"Raclette Courdavault","340,00р.",12,"0,15"
10513,"Laughing Lumberjack Lager","100,00р.",40,"0,2"
10513,"Gorgonzola Telino","320,00р.",50,"0,2"
10513,"Camembert Pierrot","285,00р.",15,"0,2"
10514,"Louisiana Hot Spiced Okra","810,00р.",39,0
10514,"Longlife Tofu","456,00р.",35,0
10514,"Pate chinois","380,00р.",70,0
10514,"Chang","210,50р.",39,0
10514,"Queso Manchego La Pastora","77,50р.",50,0
10515,"Tunnbrod","970,00р.",16,"0,15"
10515,"Nord-Ost Matjeshering","174,50р.",50,0
10515,"Rod Kaviar","439,00р.",120,0
10515,"Mascarpone Fabioli","25,00р.",16,"0,15"
10515,"Raclette Courdavault","340,00р.",84,"0,15"
10516,"Wimmers gute Semmelknodel","625,00р.",25,"0,1"
10516,"Boston Crab Meat","96,50р.",80,"0,1"
10516,"Jack's New England Clam Chowder","140,00р.",20,0
10517,"Manjimup Dried Apples","70,00р.",6,0
10517,"Escargots de Bourgogne","550,00р.",4,0
10517,"Uncle Bob's Organic Dried Pears","150,00р.",6,0
10518,"Outback Lager","45,00р.",5,0
10518,"Gravad lax","2 635,00р.",15,0
10518,"Ipoh Coffee","194,50р.",9,0
10519,"Guarana Fantastica","310,00р.",16,"0,05"
10519,"Pate chinois","380,00р.",40,0
10519,"Raclette Courdavault","340,00р.",10,"0,05"
10520,"Outback Lager","45,00р.",8,0
10520,"Filo Mix","328,00р.",5,0
10521,"Sasquatch Ale","180,00р.",3,0
10521,"Boston Crab Meat","96,50р.",10,0
10521,"Chef Anton's Gumbo Mix","125,00р.",6,0
10522,"Genen Shouyu","180,00р.",40,"0,2"
10522,"Gustaf's Knackebrod","400,00р.",24,0
10522,"Lakkalikoori","258,90р.",20,"0,2"
10522,"Chartreuse verte","184,00р.",25,"0,2"
10523,"Vegie-spread","390,00р.",25,"0,1"
10523,"Louisiana Hot Spiced Okra","810,00р.",15,"0,1"
10523,"Inlagd Sill","260,00р.",18,"0,1"
10523,"Boston Crab Meat","96,50р.",6,"0,1"
10524,"Guarana Fantastica","310,00р.",2,0
10524,"Lakkalikoori","258,90р.",10,0
10524,"Singaporean Hokkien Fried Mee","460,00р.",60,0
10524,"Perth Pasties","74,50р.",15,0
10525,"Steeleye Stout","190,00р.",30,0
10525,"Chartreuse verte","184,00р.",15,"0,1"
10526,"Genen Shouyu","180,00р.",8,"0,15"
10526,"Schoggi Schokolade","60,00р.",10,0
10526,"Pate chinois","380,00р.",30,"0,15"
10527,"Carnarvon Tigers","220,00р.",50,"0,1"
10527,"Steeleye Stout","190,00р.",30,"0,1"
10528,"NuNuCa Nuss-Nougat-Creme","210,00р.",3,0
10528,"Mascarpone Fabioli","25,00р.",8,"0,2"
10528,"Mishi Kobe Niku","348,00р.",9,0
10529,"Tourtiere","240,00р.",14,0
10529,"Chef Anton's Gumbo Mix","125,00р.",20,0
10529,"Grandma's Boysenberry Spread","360,00р.",10,0
10530,"Vegie-spread","390,00р.",40,0
10530,"Singaporean Hokkien Fried Mee","460,00р.",25,0
10530,"Camembert Pierrot","285,00р.",20,0
10530,"Konbu","180,00р.",50,0
10531,"Escargots de Bourgogne","550,00р.",2,0
10532,"Lakkalikoori","258,90р.",15,0
10532,"Aniseed Syrup","170,00р.",24,0
10533,"Carnarvon Tigers","220,00р.",50,"0,05"
10533,"Mishi Kobe Niku","348,00р.",24,0
10533,"Ikura","150,00р.",24,"0,05"
10534,"Lakkalikoori","258,90р.",10,0
10534,"Chartreuse verte","184,00р.",10,"0,2"
10534,"Perth Pasties","74,50р.",10,"0,2"
10535,"NuNuCa Nuss-Nougat-Creme","210,00р.",50,"0,1"
10535,"Chartreuse verte","184,00р.",10,"0,1"
10535,"Gnocchi di nonna Alice","195,00р.",5,"0,1"
10535,"Escargots de Bourgogne","550,00р.",15,"0,1"
10536,"Gumbar Gummibarchen","380,00р.",15,"0,25"
10536,"Original Frankfurter grune Sosse","125,00р.",20,0
10536,"Mascarpone Fabioli","25,00р.",30,0
10536,"Raclette Courdavault","340,00р.",35,"0,25"
10537,"Original Frankfurter grune Sosse","125,00р.",30,0
10537,"Valkoinen suklaa","530,00р.",6,0
10537,"Ravioli Angelo","132,50р.",20,0
10537,"Mishi Kobe Niku","348,00р.",21,0
10537,"Ikura","150,00р.",9,0
10538,"Uncle Bob's Organic Dried Pears","150,00р.",7,0
10538,"Mishi Kobe Niku","348,00р.",1,0
10539,"Schoggi Schokolade","60,00р.",8,0
10539,"Laughing Lumberjack Lager","100,00р.",15,0
10539,"Mascarpone Fabioli","25,00р.",15,0
10539,"Chocolade","200,00р.",6,0
10540,"Alice Mutton","100,00р.",60,0
10540,"Mozzarella di Giovanni","312,30р.",40,0
10540,"Gravad lax","2 635,00р.",30,0
10540,"Chef Anton's Gumbo Mix","125,00р.",35,0
10541,"Outback Lager","45,00р.",35,"0,1"
10541,"Gravad lax","2 635,00р.",4,"0,1"
10541,"Chang","210,50р.",36,"0,1"
10541,"Northwoods Cranberry Sauce","215,00р.",9,"0,1"
10542,"NuNuCa Nuss-Nougat-Creme","210,00р.",15,"0,05"
10542,"Perth Pasties","74,50р.",24,"0,05"
10543,"Gumbar Gummibarchen","380,00р.",30,"0,15"
10543,"Gudbrandsdalsost","90,00р.",70,"0,15"
10544,"Longlife Tofu","456,00р.",7,0
10544,"Chef Anton's Cajun Seasoning","140,00р.",7,0
10545,"NuNuCa Nuss-Nougat-Creme","210,00р.",10,0
10546,"Sir Rodney's Scones","300,00р.",10,0
10546,"Sasquatch Ale","180,00р.",30,0
10546,"Sirop d'erable","493,00р.",40,0
10547,"Gorgonzola Telino","320,00р.",24,"0,15"
10547,"Steeleye Stout","190,00р.",60,0
10548,"Geitost","140,00р.",10,"0,25"
10548,"Boston Crab Meat","96,50р.",14,0
10549,"Original Frankfurter grune Sosse","125,00р.",55,"0,15"
10549,"Gula Malacca","95,00р.",100,"0,15"
10549,"Valkoinen suklaa","530,00р.",48,"0,15"
10550,"Vegie-spread","390,00р.",8,"0,1"
10550,"Louisiana Fiery Hot Pepper Sauce","92,00р.",10,0
10550,"Laughing Lumberjack Lager","100,00р.",6,"0,1"
10550,"Camembert Pierrot","285,00р.",10,"0,1"
10551,"Nord-Ost Matjeshering","174,50р.",40,"0,15"
10551,"Sasquatch Ale","180,00р.",20,"0,15"
10551,"Ipoh Coffee","194,50р.",40,0
10552,"Grandma's Boysenberry Spread","360,00р.",18,0
10552,"Queso Manchego La Pastora","77,50р.",30,0
10553,"NuNuCa Nuss-Nougat-Creme","210,00р.",15,0
10553,"Nord-Ost Matjeshering","174,50р.",14,0
10553,"Scottish Longbreads","210,00р.",24,0
10553,"Original Frankfurter grune Sosse","125,00р.",30,0
10553,"Sasquatch Ale","180,00р.",6,0
10554,"Nord-Ost Matjeshering","174,50р.",30,"0,05"
10554,"Gudbrandsdalsost","90,00р.",20,"0,05"
10554,"Sirop d'erable","493,00р.",20,"0,05"
10554,"Tofu","130,00р.",10,"0,05"
10555,"Rossle Sauerkraut","232,50р.",30,"0,2"
10555,"Louisiana Fiery Hot Pepper Sauce","92,00р.",35,"0,2"
10555,"Outback Lager","45,00р.",18,"0,2"
10555,"Valkoinen suklaa","530,00р.",20,"0,2"
10555,"Pate chinois","380,00р.",40,"0,2"
10556,"Mishi Kobe Niku","348,00р.",24,0
10557,"Chai","332,50р.",30,0
10557,"Queso Manchego La Pastora","77,50р.",20,0
10558,"Spegesild","95,00р.",25,0
10558,"Valkoinen suklaa","530,00р.",20,0
10558,"Manjimup Dried Apples","70,00р.",30,0
10558,"Filo Mix","328,00р.",18,0
10558,"Ikura","150,00р.",3,0
10559,"Boston Crab Meat","96,50р.",12,"0,05"
10559,"Tourtiere","240,00р.",18,"0,05"
10560,"Lakkalikoori","258,90р.",20,0
10560,"Sirop d'erable","493,00р.",15,"0,25"
10561,"Ipoh Coffee","194,50р.",10,0
10561,"Valkoinen suklaa","530,00р.",50,0
10562,"Mascarpone Fabioli","25,00р.",20,"0,1"
10562,"Sirop d'erable","493,00р.",10,"0,1"
10563,"Steeleye Stout","190,00р.",25,0
10563,"Manjimup Dried Apples","70,00р.",70,0
10564,"Vegie-spread","390,00р.",16,"0,05"
10564,"Original Frankfurter grune Sosse","125,00р.",6,"0,05"
10564,"Tourtiere","240,00р.",25,"0,05"
10565,"Outback Lager","45,00р.",25,"0,1"
10565,"Chai","332,50р.",18,"0,1"
10566,"NuNuCa Nuss-Nougat-Creme","210,00р.",35,"0,15"
10566,"Wimmers gute Semmelknodel","625,00р.",18,"0,15"
10566,"Konbu","180,00р.",10,0
10567,"Original Frankfurter grune Sosse","125,00р.",60,"0,2"
10567,"Valkoinen suklaa","530,00р.",3,0
10567,"Escargots de Bourgogne","550,00р.",40,"0,2"
10568,"Guarana Fantastica","310,00р.",5,0
10569,"Original Frankfurter grune Sosse","125,00р.",35,"0,2"
10569,"Konbu","180,00р.",30,0
10570,"NuNuCa Nuss-Nougat-Creme","210,00р.",15,"0,05"
10570,"Pate chinois","380,00р.",60,"0,05"
10571,"Rossle Sauerkraut","232,50р.",11,"0,15"
10571,"Jack's New England Clam Chowder","140,00р.",28,"0,15"
10572,"Nord-Ost Matjeshering","174,50р.",12,"0,1"
10572,"Gorgonzola Telino","320,00р.",10,"0,1"
10572,"Chartreuse verte","184,00р.",50,0
10572,"Queso Manchego La Pastora","77,50р.",15,"0,1"
10573,"Vegie-spread","390,00р.",18,0
10573,"Geitost","140,00р.",40,0
10573,"Filo Mix","328,00р.",25,0
10574,"Mascarpone Fabioli","25,00р.",14,0
10574,"Chartreuse verte","184,00р.",2,0
10574,"Sirop d'erable","493,00р.",10,0
10574,"Chai","332,50р.",6,0
10575,"Escargots de Bourgogne","550,00р.",12,0
10575,"Tarte au sucre","439,00р.",6,0
10575,"Mishi Kobe Niku","348,00р.",30,0
10575,"Konbu","180,00р.",10,0
10576,"Genen Shouyu","180,00р.",10,0
10576,"Original Frankfurter grune Sosse","125,00р.",20,0
10576,"Ipoh Coffee","194,50р.",21,0
10577,"Cote de Blaye","180,00р.",10,0
10577,"Queso Manchego La Pastora","77,50р.",20,0
10577,"Tofu","130,00р.",18,0
10578,"Sasquatch Ale","180,00р.",20,0
10578,"Gnocchi di nonna Alice","195,00р.",6,0
10579,"Thuringer Rostbratwurst","155,00р.",10,0
10579,"Queso Manchego La Pastora","77,50р.",21,0
10580,"Rossle Sauerkraut","232,50р.",15,"0,05"
10580,"Boston Crab Meat","96,50р.",9,"0,05"
10580,"Chang","210,50р.",30,"0,05"
10581,"Queso Manchego La Pastora","77,50р.",50,"0,2"
10582,"Gnocchi di nonna Alice","195,00р.",4,0
10582,"Konbu","180,00р.",14,0
10583,"Rhonbrau Klosterbier","1 237,90р.",10,0
10583,"Raclette Courdavault","340,00р.",24,"0,15"
10583,"Grandma's Boysenberry Spread","360,00р.",10,"0,15"
10584,"Original Frankfurter grune Sosse","125,00р.",50,"0,05"
10585,"Spegesild","95,00р.",15,0
10586,"Manjimup Dried Apples","70,00р.",4,"0,15"
10587,"Mozzarella di Giovanni","312,30р.",6,0
10587,"Sasquatch Ale","180,00р.",20,0
10587,"Tofu","130,00р.",20,0
10588,"Wimmers gute Semmelknodel","625,00р.",40,"0,2"
10588,"Jack's New England Clam Chowder","140,00р.",100,"0,2"
10589,"Sasquatch Ale","180,00р.",4,0
10590,"Genen Shouyu","180,00р.",20,0
10590,"Tofu","130,00р.",60,"0,05"
10591,"Alice Mutton","100,00р.",14,0
10591,"Sir Rodney's Scones","300,00р.",10,0
10591,"Perth Pasties","74,50р.",50,0
10592,"Thuringer Rostbratwurst","155,00р.",25,"0,05"
10592,"Mozzarella di Giovanni","312,30р.",5,"0,05"
10593,"Louisiana Hot Spiced Okra","810,00р.",21,"0,2"
10593,"Grandma's Boysenberry Spread","360,00р.",20,"0,2"
10593,"Konbu","180,00р.",4,"0,2"
10594,"Manjimup Dried Apples","70,00р.",24,0
10594,"Ravioli Angelo","132,50р.",30,0
10595,"Sasquatch Ale","180,00р.",30,"0,25"
10595,"Camembert Pierrot","285,00р.",120,"0,25"
10595,"Grandma's Boysenberry Spread","360,00р.",65,"0,25"
10596,"Pate chinois","380,00р.",5,"0,2"
10596,"Tarte au sucre","439,00р.",24,"0,2"
10596,"Queso Manchego La Pastora","77,50р.",30,"0,2"
10597,"Outback Lager","45,00р.",35,"0,2"
10597,"Gnocchi di nonna Alice","195,00р.",20,0
10597,"Chang","210,50р.",12,"0,2"
10598,"Rod Kaviar","439,00р.",50,0
10598,"Northwoods Cranberry Sauce","215,00р.",9,0
10599,"Sirop d'erable","493,00р.",10,0
10600,"Perth Pasties","74,50р.",4,0
10600,"Ikura","150,00р.",30,0
10601,"Schoggi Schokolade","60,00р.",60,0
10601,"Escargots de Bourgogne","550,00р.",35,0
10602,"Tofu","130,00р.",5,"0,25"
10603,"Scottish Longbreads","210,00р.",48,0
10603,"Chocolade","200,00р.",25,"0,05"
10604,"Zaanse koeken","127,50р.",6,"0,1"
10604,"Konbu","180,00р.",10,"0,1"
10605,"Nord-Ost Matjeshering","174,50р.",30,"0,05"
10605,"Escargots de Bourgogne","550,00р.",20,"0,05"
10605,"Raclette Courdavault","340,00р.",70,"0,05"
10605,"Northwoods Cranberry Sauce","215,00р.",15,"0,05"
10606,"Carnarvon Tigers","220,00р.",20,"0,2"
10606,"Tourtiere","240,00р.",20,"0,2"
10606,"Sirop d'erable","493,00р.",10,"0,2"
10607,"Sir Rodney's Scones","300,00р.",45,0
10607,"Vegie-spread","390,00р.",100,0
10607,"Mascarpone Fabioli","25,00р.",14,0
10607,"Chartreuse verte","184,00р.",42,0
10607,"Mishi Kobe Niku","348,00р.",12,0
10608,"Pate chinois","380,00р.",28,0
10609,"Genen Shouyu","180,00р.",3,0
10609,"Guarana Fantastica","310,00р.",10,0
10609,"Laughing Lumberjack Lager","100,00р.",6,0
10610,"Steeleye Stout","190,00р.",21,"0,25"
10611,"Genen Shouyu","180,00р.",6,0
10611,"Pavlova","190,00р.",10,0
10611,"Raclette Courdavault","340,00р.",15,0
10612,"Guarana Fantastica","310,00р.",70,0
10612,"Steeleye Stout","190,00р.",55,0
10612,"Chocolade","200,00р.",18,0
10612,"Raclette Courdavault","340,00р.",40,0
10612,"Konbu","180,00р.",80,0
10613,"Schoggi Schokolade","60,00р.",8,"0,1"
10613,"Queso Manchego La Pastora","77,50р.",40,0
10614,"NuNuCa Nuss-Nougat-Creme","210,00р.",14,0
10614,"Laughing Lumberjack Lager","100,00р.",8,0
10614,"Cote de Blaye","180,00р.",5,0
10615,"Tourtiere","240,00р.",5,0
10616,"Gravad lax","2 635,00р.",15,"0,05"
10616,"Pate chinois","380,00р.",14,0
10616,"Uncle Bob's Organic Dried Pears","150,00р.",15,"0,05"
10616,"Northwoods Cranberry Sauce","215,00р.",15,"0,05"
10617,"Escargots de Bourgogne","550,00р.",30,"0,15"
10618,"Sir Rodney's Marmalade","250,00р.",70,0
10618,"Pate chinois","380,00р.",20,0
10618,"Chef Anton's Gumbo Mix","125,00р.",15,0
10619,"Laughing Lumberjack Lager","100,00р.",42,0
10619,"Scottish Longbreads","210,00р.",40,0
10620,"Outback Lager","45,00р.",5,0
10620,"Manjimup Dried Apples","70,00р.",5,0
10621,"Louisiana Fiery Hot Pepper Sauce","92,00р.",5,0
10621,"Gudbrandsdalsost","90,00р.",10,0
10621,"Uncle Bob's Organic Dried Pears","150,00р.",20,0
10621,"Northwoods Cranberry Sauce","215,00р.",15,0
10622,"Pavlova","190,00р.",20,0
10622,"Chef Anton's Gumbo Mix","125,00р.",18,"0,2"
10623,"Rossle Sauerkraut","232,50р.",21,0
10623,"Louisiana Fiery Hot Pepper Sauce","92,00р.",15,"0,1"
10623,"Laughing Lumberjack Lager","100,00р.",25,"0,1"
10623,"Outback Lager","45,00р.",3,0
10623,"Sasquatch Ale","180,00р.",30,"0,1"
10624,"Longlife Tofu","456,00р.",10,0
10624,"Rhonbrau Klosterbier","1 237,90р.",6,0
10624,"Ipoh Coffee","194,50р.",10,0
10625,"Rossle Sauerkraut","232,50р.",3,0
10625,"Jack's New England Clam Chowder","140,00р.",5,0
10625,"Raclette Courdavault","340,00р.",10,0
10626,"Filo Mix","328,00р.",12,0
10626,"Raclette Courdavault","340,00р.",20,0
10626,"Northwoods Cranberry Sauce","215,00р.",20,0
10627,"Sirop d'erable","493,00р.",15,0
10627,"Ikura","150,00р.",35,"0,15"
10628,"Genen Shouyu","180,00р.",25,0
10629,"Rhonbrau Klosterbier","1 237,90р.",20,0
10629,"Chai","332,50р.",9,0
10630,"Tourtiere","240,00р.",12,"0,05"
10630,"Konbu","180,00р.",35,0
10631,"Queso Manchego La Pastora","77,50р.",8,"0,1"
10632,"Pavlova","190,00р.",30,"0,05"
10632,"Mascarpone Fabioli","25,00р.",20,"0,05"
10633,"Gumbar Gummibarchen","380,00р.",36,"0,15"
10633,"Schoggi Schokolade","60,00р.",13,"0,15"
10633,"Mozzarella di Giovanni","312,30р.",35,"0,15"
10633,"Sirop d'erable","493,00р.",80,"0,15"
10634,"Sir Rodney's Scones","300,00р.",35,0
10634,"Wimmers gute Semmelknodel","625,00р.",50,0
10634,"Valkoinen suklaa","530,00р.",15,0
10634,"Queso Manchego La Pastora","77,50р.",2,0
10635,"Carnarvon Tigers","220,00р.",10,"0,1"
10635,"Teatime Chocolate Biscuits","213,50р.",15,"0,1"
10635,"Scottish Longbreads","210,00р.",40,0
10636,"Carnarvon Tigers","220,00р.",25,0
10636,"Ravioli Angelo","132,50р.",6,0
10637,"NuNuCa Nuss-Nougat-Creme","210,00р.",10,0
10637,"Maxilaku","162,50р.",25,"0,05"
10637,"Pate chinois","380,00р.",60,"0,05"
10638,"Gula Malacca","95,00р.",20,0
10638,"Chang","210,50р.",21,0
10638,"Mishi Kobe Niku","348,00р.",60,0
10639,"Wimmers gute Semmelknodel","625,00р.",8,0
10640,"Grandma's Boysenberry Spread","360,00р.",20,"0,25"
10640,"Uncle Bob's Organic Dried Pears","150,00р.",15,"0,25"
10641,"Pavlova","190,00р.",50,0
10641,"Chartreuse verte","184,00р.",60,0
10642,"Laughing Lumberjack Lager","100,00р.",30,"0,2"
10642,"Camembert Pierrot","285,00р.",20,"0,2"
10643,"Longlife Tofu","456,00р.",15,"0,25"
10643,"Cote de Blaye","180,00р.",21,"0,25"
10643,"Rogede sild","120,00р.",2,"0,25"
10644,"Wimmers gute Semmelknodel","625,00р.",4,"0,1"
10644,"Singaporean Hokkien Fried Mee","460,00р.",20,0
10644,"Rogede sild","120,00р.",21,"0,1"
10645,"Wimmers gute Semmelknodel","625,00р.",20,0
10645,"Steeleye Stout","190,00р.",15,0
10646,"Genen Shouyu","180,00р.",15,"0,25"
10646,"Guarana Fantastica","310,00р.",18,"0,25"
10646,"Northwoods Cranberry Sauce","215,00р.",30,"0,25"
10646,"Tofu","130,00р.",35,"0,25"
10647,"Louisiana Fiery Hot Pepper Sauce","92,00р.",30,0
10647,"Cote de Blaye","180,00р.",20,0
10648,"Scottish Longbreads","210,00р.",15,0
10648,"Outback Lager","45,00р.",15,"0,15"
10649,"Longlife Tofu","456,00р.",20,0
10649,"Mishi Kobe Niku","348,00р.",15,0
10650,"Lakkalikoori","258,90р.",30,0
10650,"Filo Mix","328,00р.",25,"0,05"
10650,"Perth Pasties","74,50р.",30,0
10651,"Louisiana Fiery Hot Pepper Sauce","92,00р.",12,"0,25"
10651,"Scottish Longbreads","210,00р.",20,"0,25"
10652,"Lakkalikoori","258,90р.",2,"0,25"
10652,"Jack's New England Clam Chowder","140,00р.",20,0
10653,"Nord-Ost Matjeshering","174,50р.",30,"0,1"
10653,"Raclette Courdavault","340,00р.",20,"0,1"
10654,"Carnarvon Tigers","220,00р.",12,"0,1"
10654,"Cote de Blaye","180,00р.",20,"0,1"
10654,"Perth Pasties","74,50р.",6,"0,1"
10655,"Boston Crab Meat","96,50р.",20,"0,2"
10656,"Rossle Sauerkraut","232,50р.",3,"0,1"
10656,"Ipoh Coffee","194,50р.",28,"0,1"
10656,"Spegesild","95,00р.",6,"0,1"
10657,"Thuringer Rostbratwurst","155,00р.",50,0
10657,"Boston Crab Meat","96,50р.",24,0
10657,"Rogede sild","120,00р.",45,0
10657,"Spegesild","95,00р.",10,0
10657,"Pate chinois","380,00р.",45,0
10657,"Raclette Courdavault","340,00р.",30,0
10658,"Laughing Lumberjack Lager","100,00р.",60,0
10658,"Chartreuse verte","184,00р.",70,"0,05"
10658,"Raclette Courdavault","340,00р.",55,"0,05"
10658,"Tofu","130,00р.",70,"0,05"
10659,"Original Frankfurter grune Sosse","125,00р.",20,"0,05"
10659,"Chartreuse verte","184,00р.",24,"0,05"
10659,"Uncle Bob's Organic Dried Pears","150,00р.",40,"0,05"
10660,"Louisiana Hot Spiced Okra","810,00р.",21,0
10661,"Cote de Blaye","180,00р.",3,"0,2"
10661,"Ravioli Angelo","132,50р.",49,"0,2"
10662,"Chef Anton's Gumbo Mix","125,00р.",10,0
10663,"Chartreuse verte","184,00р.",30,"0,05"
10663,"Jack's New England Clam Chowder","140,00р.",30,"0,05"
10663,"Valkoinen suklaa","530,00р.",20,"0,05"
10664,"Guarana Fantastica","310,00р.",24,"0,15"
10664,"Pate chinois","380,00р.",12,"0,15"
10664,"Chang","210,50р.",15,"0,15"
10665,"Valkoinen suklaa","530,00р.",20,0
10665,"Escargots de Bourgogne","550,00р.",1,0
10665,"Konbu","180,00р.",10,0
10666,"Rhonbrau Klosterbier","1 237,90р.",36,0
10666,"Chang","210,50р.",10,0
10667,"Grandma's Boysenberry Spread","360,00р.",45,"0,2"
10667,"Northwoods Cranberry Sauce","215,00р.",14,"0,2"
10668,"Original Frankfurter grune Sosse","125,00р.",8,"0,1"
10668,"Tourtiere","240,00р.",4,"0,1"
10668,"Chai","332,50р.",15,"0,1"
10669,"Steeleye Stout","190,00р.",30,0
10670,"Gudbrandsdalsost","90,00р.",32,0
10670,"Rogede sild","120,00р.",60,0
10670,"Chef Anton's Cajun Seasoning","140,00р.",25,0
10670,"Ikura","150,00р.",50,0
10670,"Queso Manchego La Pastora","77,50р.",25,0
10671,"Nord-Ost Matjeshering","174,50р.",10,0
10671,"Sirop d'erable","493,00р.",10,0
10671,"Chang","210,50р.",12,0
10672,"Gravad lax","2 635,00р.",15,"0,1"
10672,"Northwoods Cranberry Sauce","215,00р.",12,0
10673,"Nord-Ost Matjeshering","174,50р.",3,0
10673,"Jack's New England Clam Chowder","140,00р.",6,0
10673,"Singaporean Hokkien Fried Mee","460,00р.",6,0
10674,"Gudbrandsdalsost","90,00р.",5,0
10675,"Rossle Sauerkraut","232,50р.",30,0
10675,"Filo Mix","328,00р.",10,0
10675,"Ravioli Angelo","132,50р.",30,0
10676,"Guarana Fantastica","310,00р.",2,0
10676,"Louisiana Fiery Hot Pepper Sauce","92,00р.",7,0
10676,"Ipoh Coffee","194,50р.",21,0
10677,"Mozzarella di Giovanni","312,30р.",30,"0,15"
10677,"Mascarpone Fabioli","25,00р.",8,"0,15"
10678,"Gumbar Gummibarchen","380,00р.",100,0
10678,"Mascarpone Fabioli","25,00р.",30,0
10678,"Boston Crab Meat","96,50р.",120,0
10678,"Perth Pasties","74,50р.",30,0
10679,"Carnarvon Tigers","2 812,50р.",4,0
10679,"Boston Crab Meat","828,00р.",1,0
10679,"Escargots de Bourgogne","550,00р.",12,0
10680,"Nord-Ost Matjeshering","174,50р.",50,"0,25"
10680,"Original Frankfurter grune Sosse","125,00р.",20,"0,25"
10680,"Jack's New England Clam Chowder","140,00р.",40,"0,25"
10681,"Louisiana Fiery Hot Pepper Sauce","92,00р.",30,"0,1"
10681,"Laughing Lumberjack Lager","100,00р.",12,"0,1"
10681,"Chai","332,50р.",28,0
10682,"Mascarpone Fabioli","25,00р.",30,0
10682,"Aniseed Syrup","170,00р.",4,0
10682,"Queso Manchego La Pastora","77,50р.",30,0
10683,"Manjimup Dried Apples","70,00р.",9,0
10684,"Chartreuse verte","184,00р.",20,0
10684,"Spegesild","95,00р.",40,0
10684,"Raclette Courdavault","340,00р.",30,0
10685,"Guarana Fantastica","310,00р.",20,0
10685,"Boston Crab Meat","96,50р.",4,0
10685,"Spegesild","95,00р.",15,0
10686,"Vegie-spread","390,00р.",30,"0,2"
10686,"Mozzarella di Giovanni","312,30р.",15,0
10687,"Tunnbrod","970,00р.",50,"0,25"
10687,"Rhonbrau Klosterbier","1 237,90р.",10,0
10687,"Steeleye Stout","190,00р.",6,"0,25"
10688,"Guarana Fantastica","310,00р.",18,"0,1"
10688,"Longlife Tofu","456,00р.",60,"0,1"
10688,"Geitost","140,00р.",14,0
10689,"Genen Shouyu","180,00р.",35,"0,25"
10690,"Pate chinois","380,00р.",20,"0,25"
10690,"Tofu","130,00р.",30,"0,25"
10691,"Genen Shouyu","180,00р.",30,0
10691,"Rhonbrau Klosterbier","1 237,90р.",40,0
10691,"Singaporean Hokkien Fried Mee","460,00р.",40,0
10691,"Ipoh Coffee","194,50р.",24,0
10691,"Sirop d'erable","493,00р.",48,0
10692,"Scottish Longbreads","562,50р.",20,0
10692,"Gudbrandsdalsost","1 620,00р.",10,0
10692,"Pate chinois","1 080,00р.",14,0
10693,"Tunnbrod","970,00р.",6,0
10693,"Perth Pasties","74,50р.",60,"0,15"
10693,"Grandma's Boysenberry Spread","360,00р.",30,"0,15"
10693,"Ikura","150,00р.",15,"0,15"
10694,"Sir Rodney's Scones","300,00р.",90,0
10694,"Escargots de Bourgogne","550,00р.",25,0
10694,"Uncle Bob's Organic Dried Pears","150,00р.",50,0
10695,"Gustaf's Knackebrod","400,00р.",10,0
10695,"Gumbar Gummibarchen","380,00р.",4,0
10695,"Outback Lager","45,00р.",20,0
10696,"Vegie-spread","390,00р.",20,0
10696,"Rogede sild","120,00р.",18,0
10697,"Louisiana Fiery Hot Pepper Sauce","92,00р.",7,"0,25"
10697,"Sasquatch Ale","180,00р.",9,"0,25"
10697,"Ravioli Angelo","132,50р.",30,"0,25"
10697,"Uncle Bob's Organic Dried Pears","150,00р.",30,"0,25"
10698,"NuNuCa Nuss-Nougat-Creme","210,00р.",15,0
10698,"Vegie-spread","390,00р.",8,"0,05"
10698,"Rhonbrau Klosterbier","1 237,90р.",12,"0,05"
10698,"Chang","210,50р.",65,"0,05"
10698,"Uncle Bob's Organic Dried Pears","150,00р.",8,"0,05"
10699,"Spegesild","95,00р.",12,0
10700,"Genen Shouyu","180,00р.",5,"0,2"
10700,"Geitost","140,00р.",12,"0,2"
10700,"Chef Anton's Gumbo Mix","125,00р.",40,"0,2"
10700,"Northwoods Cranberry Sauce","215,00р.",60,"0,2"
10701,"Escargots de Bourgogne","550,00р.",42,"0,15"
10701,"Northwoods Cranberry Sauce","215,00р.",20,"0,15"
10701,"Konbu","180,00р.",35,"0,15"
10702,"Alice Mutton","100,00р.",6,0
10702,"Konbu","180,00р.",15,0
10703,"Pavlova","190,00р.",5,0
10703,"Escargots de Bourgogne","550,00р.",35,0
10703,"Ikura","150,00р.",35,0
10704,"Carnarvon Tigers","220,00р.",6,0
10704,"Outback Lager","45,00р.",35,0
10704,"Zaanse koeken","127,50р.",24,0
10705,"Original Frankfurter grune Sosse","125,00р.",20,0
10705,"Gorgonzola Telino","320,00р.",4,0
10706,"Nord-Ost Matjeshering","174,50р.",20,0
10706,"Singaporean Hokkien Fried Mee","460,00р.",24,0
10706,"Escargots de Bourgogne","550,00р.",8,0
10707,"Tourtiere","240,00р.",21,0
10707,"Gnocchi di nonna Alice","195,00р.",40,0
10707,"Uncle Bob's Organic Dried Pears","150,00р.",28,"0,15"
10708,"Teatime Chocolate Biscuits","213,50р.",4,0
10708,"Steeleye Stout","190,00р.",5,0
10709,"Gustaf's Knackebrod","400,00р.",40,0
10709,"Valkoinen suklaa","530,00р.",28,0
10709,"Raclette Courdavault","340,00р.",10,0
10710,"Louisiana Fiery Hot Pepper Sauce","92,00р.",5,0
10710,"Spegesild","95,00р.",5,0
10711,"Louisiana Fiery Hot Pepper Sauce","92,00р.",12,0
10711,"Boston Crab Meat","96,50р.",42,0
10711,"Filo Mix","328,00р.",120,0
10712,"Filo Mix","328,00р.",3,"0,05"
10712,"Pate chinois","380,00р.",30,0
10713,"Guarana Fantastica","310,00р.",18,0
10713,"Mozzarella di Giovanni","312,30р.",30,0
10713,"Gula Malacca","95,00р.",110,0
10713,"Rogede sild","120,00р.",24,0
10714,"Pavlova","190,00р.",30,"0,25"
10714,"Vegie-spread","390,00р.",27,"0,25"
10714,"Spegesild","95,00р.",50,"0,25"
10714,"Pate chinois","380,00р.",18,"0,25"
10714,"Ravioli Angelo","132,50р.",12,"0,25"
10715,"Guarana Fantastica","310,00р.",21,0
10715,"Northwoods Cranberry Sauce","215,00р.",30,0
10716,"Laughing Lumberjack Lager","100,00р.",5,0
10716,"Valkoinen suklaa","530,00р.",7,0
10716,"Camembert Pierrot","285,00р.",10,0
10717,"Laughing Lumberjack Lager","100,00р.",32,"0,05"
10717,"Perth Pasties","74,50р.",15,0
10717,"Grandma's Boysenberry Spread","360,00р.",25,"0,05"
10718,"Gumbar Gummibarchen","380,00р.",36,0
10718,"Nord-Ost Matjeshering","174,50р.",20,0
10718,"Steeleye Stout","190,00р.",40,0
10718,"Sirop d'erable","493,00р.",20,0
10719,"Wimmers gute Semmelknodel","625,00р.",12,"0,25"
10719,"Lakkalikoori","258,90р.",3,"0,25"
10719,"Perth Pasties","74,50р.",40,"0,25"
10720,"Sasquatch Ale","180,00р.",21,0
10720,"Northwoods Cranberry Sauce","215,00р.",8,0
10721,"Ipoh Coffee","194,50р.",50,"0,05"
10722,"Pavlova","190,00р.",3,0
10722,"Original Frankfurter grune Sosse","125,00р.",50,0
10722,"Chef Anton's Gumbo Mix","125,00р.",45,0
10722,"Queso Manchego La Pastora","77,50р.",42,0
10723,"Mozzarella di Giovanni","312,30р.",15,0
10724,"Guarana Fantastica","310,00р.",16,0
10724,"Camembert Pierrot","285,00р.",5,0
10725,"Boston Crab Meat","96,50р.",12,0
10725,"Manjimup Dried Apples","70,00р.",4,0
10725,"Tourtiere","240,00р.",6,0
10726,"Carnarvon Tigers","220,00р.",25,0
10726,"NuNuCa Nuss-Nougat-Creme","210,00р.",5,0
10727,"Vegie-spread","390,00р.",20,"0,05"
10727,"Pate chinois","380,00р.",10,"0,05"
10727,"Escargots de Bourgogne","550,00р.",10,"0,05"
10728,"Lakkalikoori","258,90р.",15,0
10728,"Chartreuse verte","184,00р.",6,0
10728,"Tourtiere","240,00р.",12,0
10728,"Raclette Courdavault","340,00р.",15,0
10729,"Genen Shouyu","180,00р.",50,0
10729,"Laughing Lumberjack Lager","100,00р.",30,0
10729,"Maxilaku","162,50р.",40,0
10730,"Nord-Ost Matjeshering","174,50р.",15,"0,05"
10730,"Original Frankfurter grune Sosse","125,00р.",3,"0,05"
10730,"Chang","210,50р.",10,"0,05"
10731,"Laughing Lumberjack Lager","100,00р.",40,"0,05"
10731,"Valkoinen suklaa","530,00р.",30,"0,05"
10732,"Konbu","180,00р.",20,0
10733,"Rossle Sauerkraut","232,50р.",16,0
10733,"Longlife Tofu","456,00р.",20,0
10733,"Manjimup Dried Apples","70,00р.",25,0
10734,"Sir Rodney's Marmalade","250,00р.",30,0
10734,"Lakkalikoori","258,90р.",15,0
10734,"Konbu","180,00р.",20,0
10735,"Camembert Pierrot","285,00р.",20,"0,1"
10735,"Tofu","130,00р.",2,"0,1"
10736,"Chang","210,50р.",40,0
10736,"Queso Manchego La Pastora","77,50р.",20,0
10737,"Schoggi Schokolade","60,00р.",4,0
10737,"Boston Crab Meat","96,50р.",12,0
10738,"Nord-Ost Matjeshering","174,50р.",3,0
10739,"Steeleye Stout","190,00р.",6,0
10739,"Manjimup Dried Apples","70,00р.",18,0
10740,"Longlife Tofu","456,00р.",5,"0,2"
10740,"Sasquatch Ale","180,00р.",35,"0,2"
10740,"Gula Malacca","95,00р.",40,"0,2"
10740,"Pate chinois","380,00р.",14,"0,2"
10741,"Pavlova","190,00р.",15,"0,2"
10742,"Alice Mutton","100,00р.",20,0
10742,"Raclette Courdavault","340,00р.",50,0
10742,"Mishi Kobe Niku","348,00р.",35,0
10743,"Rogede sild","120,00р.",28,"0,05"
10744,"Chartreuse verte","184,00р.",50,"0,2"
10745,"Wimmers gute Semmelknodel","625,00р.",24,0
10745,"Ipoh Coffee","194,50р.",16,0
10745,"Escargots de Bourgogne","550,00р.",45,0
10745,"Mishi Kobe Niku","348,00р.",7,0
10746,"Schoggi Schokolade","60,00р.",6,0
10746,"Jack's New England Clam Chowder","140,00р.",28,0
10746,"Sirop d'erable","493,00р.",9,0
10746,"Grandma's Boysenberry Spread","360,00р.",40,0
10747,"Original Frankfurter grune Sosse","125,00р.",8,0
10747,"Boston Crab Meat","96,50р.",35,0
10747,"Tarte au sucre","439,00р.",9,0
10747,"Grandma's Boysenberry Spread","360,00р.",30,0
10748,"Gudbrandsdalsost","90,00р.",44,0
10748,"Chartreuse verte","184,00р.",40,0
10748,"Pate chinois","380,00р.",28,0
10749,"Pate chinois","380,00р.",15,0
10749,"Escargots de Bourgogne","550,00р.",6,0
10749,"Konbu","180,00р.",10,0
10750,"Rossle Sauerkraut","232,50р.",5,"0,15"
10750,"Gula Malacca","95,00р.",40,"0,15"
10750,"Escargots de Bourgogne","550,00р.",25,"0,15"
10751,"Mozzarella di Giovanni","312,30р.",12,"0,1"
10751,"Lakkalikoori","258,90р.",30,0
10751,"Maxilaku","162,50р.",20,"0,1"
10751,"Ikura","150,00р.",15,0
10752,"Genen Shouyu","180,00р.",8,0
10752,"Grandma's Boysenberry Spread","360,00р.",3,0
10753,"Gula Malacca","95,00р.",4,0
10753,"Queso Cabrales","100,00р.",5,0
10754,"Chartreuse verte","184,00р.",3,0
10755,"Spegesild","95,00р.",30,"0,25"
10755,"Pate chinois","380,00р.",30,"0,25"
10755,"Gnocchi di nonna Alice","195,00р.",14,"0,25"
10755,"Grandma's Boysenberry Spread","360,00р.",25,"0,25"
10756,"Wimmers gute Semmelknodel","625,00р.",21,"0,2"
10756,"Steeleye Stout","190,00р.",20,"0,2"
10756,"Chef Anton's Gumbo Mix","125,00р.",6,"0,2"
10756,"Grandma's Boysenberry Spread","360,00р.",20,"0,2"
10757,"Geitost","140,00р.",30,0
10757,"Escargots de Bourgogne","550,00р.",7,0
10757,"Sirop d'erable","493,00р.",30,0
10757,"Chai","332,50р.",24,0
10758,"Mozzarella di Giovanni","312,30р.",20,0
10758,"Manjimup Dried Apples","70,00р.",60,0
10758,"Uncle Bob's Organic Dried Pears","150,00р.",40,0
10759,"Gorgonzola Telino","320,00р.",10,0
10760,"Flotemysost","140,00р.",12,"0,25"
10760,"Rod Kaviar","439,00р.",40,0
10760,"Singaporean Hokkien Fried Mee","460,00р.",30,"0,25"
10761,"Flotemysost","140,00р.",35,"0,25"
10761,"Queso Manchego La Pastora","77,50р.",18,0
10762,"Cote de Blaye","180,00р.",16,0
10762,"Spegesild","95,00р.",30,0
10762,"Valkoinen suklaa","530,00р.",28,0
10762,"Pate chinois","380,00р.",60,0
10763,"Laughing Lumberjack Lager","100,00р.",40,0
10763,"Scottish Longbreads","210,00р.",6,0
10763,"Outback Lager","45,00р.",20,0
10764,"Alice Mutton","100,00р.",20,"0,1"
10764,"Cote de Blaye","180,00р.",130,"0,1"
10765,"Chang","210,50р.",80,"0,1"
10766,"Pavlova","190,00р.",40,0
10766,"Sir Rodney's Scones","300,00р.",35,0
10766,"Chef Anton's Gumbo Mix","125,00р.",40,0
10767,"Jack's New England Clam Chowder","140,00р.",2,0
10768,"Scottish Longbreads","210,00р.",4,0
10768,"Original Frankfurter grune Sosse","125,00р.",50,0
10768,"Raclette Courdavault","340,00р.",15,0
10768,"Northwoods Cranberry Sauce","215,00р.",12,0
10769,"Boston Crab Meat","96,50р.",30,"0,05"
10769,"Manjimup Dried Apples","70,00р.",15,"0,05"
10769,"Camembert Pierrot","285,00р.",20,0
10769,"Sirop d'erable","493,00р.",15,0
10770,"NuNuCa Nuss-Nougat-Creme","210,00р.",15,"0,25"
10771,"Northwoods Cranberry Sauce","215,00р.",16,0
10772,"Rhonbrau Klosterbier","1 237,90р.",18,0
10772,"Escargots de Bourgogne","550,00р.",25,0
10773,"Vegie-spread","390,00р.",33,0
10773,"Original Frankfurter grune Sosse","125,00р.",70,"0,2"
10773,"Queso Manchego La Pastora","77,50р.",7,"0,2"
10774,"Original Frankfurter grune Sosse","125,00р.",2,"0,25"
10774,"Aniseed Syrup","170,00р.",50,0
10775,"Guarana Fantastica","310,00р.",6,0
10775,"Chef Anton's Cajun Seasoning","140,00р.",3,0
10776,"Original Frankfurter grune Sosse","125,00р.",16,"0,05"
10776,"Jack's New England Clam Chowder","140,00р.",12,"0,05"
10776,"Gula Malacca","95,00р.",27,"0,05"
10776,"Valkoinen suklaa","530,00р.",120,"0,05"
10777,"Jack's New England Clam Chowder","140,00р.",20,"0,2"
10778,"Boston Crab Meat","96,50р.",10,0
10779,"Nord-Ost Matjeshering","174,50р.",20,0
10779,"Sirop d'erable","493,00р.",20,0
10780,"Uncle Bob's Organic Dried Pears","150,00р.",35,0
10780,"Tofu","130,00р.",15,0
10781,"Perth Pasties","74,50р.",3,"0,2"
10781,"Pate chinois","380,00р.",20,"0,2"
10781,"Queso Cabrales","100,00р.",35,0
10782,"Original Frankfurter grune Sosse","125,00р.",1,0
10783,"Original Frankfurter grune Sosse","125,00р.",10,0
10783,"Gravad lax","2 635,00р.",5,0
10784,"Steeleye Stout","190,00р.",30,0
10784,"Cote de Blaye","180,00р.",2,"0,15"
10784,"Mishi Kobe Niku","348,00р.",30,"0,15"
10785,"Guarana Fantastica","310,00р.",10,0
10785,"Queso Manchego La Pastora","77,50р.",10,0
10786,"Gustaf's Knackebrod","400,00р.",30,"0,2"
10786,"Lakkalikoori","258,90р.",15,"0,2"
10786,"Queso Manchego La Pastora","77,50р.",42,"0,2"
10787,"Pavlova","190,00р.",15,"0,05"
10787,"Rhonbrau Klosterbier","1 237,90р.",20,"0,05"
10788,"Louisiana Fiery Hot Pepper Sauce","92,00р.",50,"0,05"
10788,"Queso Manchego La Pastora","77,50р.",40,"0,05"
10789,"Wimmers gute Semmelknodel","625,00р.",30,0
10789,"Sasquatch Ale","180,00р.",15,0
10789,"Tarte au sucre","439,00р.",30,0
10789,"Chef Anton's Gumbo Mix","125,00р.",18,0
10790,"Sir Rodney's Scones","300,00р.",3,"0,15"
10790,"Pate chinois","380,00р.",20,"0,15"
10791,"Rhonbrau Klosterbier","1 237,90р.",14,"0,05"
10791,"Boston Crab Meat","96,50р.",20,"0,05"
10792,"Pavlova","190,00р.",10,0
10792,"Perth Pasties","74,50р.",3,0
10792,"Chef Anton's Gumbo Mix","125,00р.",15,0
10793,"Boston Crab Meat","96,50р.",14,0
10793,"Manjimup Dried Apples","70,00р.",8,0
10794,"Rossle Sauerkraut","232,50р.",15,"0,2"
10794,"Perth Pasties","74,50р.",6,"0,2"
10795,"Nord-Ost Matjeshering","174,50р.",65,0
10795,"Vegie-spread","390,00р.",35,"0,25"
10796,"Mozzarella di Giovanni","312,30р.",21,"0,2"
10796,"Ipoh Coffee","194,50р.",10,0
10796,"Chai","332,50р.",35,"0,2"
10796,"Grandma's Boysenberry Spread","360,00р.",24,"0,2"
10797,"NuNuCa Nuss-Nougat-Creme","210,00р.",20,0
10798,"Sirop d'erable","493,00р.",2,0
10798,"Mishi Kobe Niku","348,00р.",10,0
10799,"Schoggi Schokolade","60,00р.",20,"0,15"
10799,"Outback Lager","45,00р.",20,"0,15"
10799,"Escargots de Bourgogne","550,00р.",25,0
10800,"NuNuCa Nuss-Nougat-Creme","210,00р.",50,"0,1"
10800,"Valkoinen suklaa","530,00р.",10,"0,1"
10800,"Perth Pasties","74,50р.",7,"0,1"
10801,"Vegie-spread","390,00р.",40,"0,25"
10801,"Rhonbrau Klosterbier","1 237,90р.",20,"0,25"
10802,"Lakkalikoori","258,90р.",25,"0,25"
10802,"Valkoinen suklaa","530,00р.",30,"0,25"
10802,"Tourtiere","240,00р.",60,"0,25"
10802,"Sirop d'erable","493,00р.",5,"0,25"
10803,"Louisiana Fiery Hot Pepper Sauce","92,00р.",24,"0,05"
10803,"Flotemysost","140,00р.",15,"0,05"
10803,"Escargots de Bourgogne","550,00р.",15,"0,05"
10804,"Guarana Fantastica","310,00р.",36,0
10804,"Longlife Tofu","456,00р.",24,0
10804,"Chocolade","200,00р.",4,"0,15"
10805,"Geitost","140,00р.",10,0
10805,"Gravad lax","2 635,00р.",10,0
10806,"Pavlova","190,00р.",20,"0,25"
10806,"Chang","210,50р.",2,0
10806,"Queso Cabrales","100,00р.",15,"0,25"
10807,"Chartreuse verte","184,00р.",1,0
10808,"Pate chinois","380,00р.",20,"0,15"
10808,"Konbu","180,00р.",50,"0,15"
10809,"Manjimup Dried Apples","70,00р.",20,0
10810,"Schoggi Schokolade","60,00р.",7,0
10810,"Flotemysost","140,00р.",5,0
10810,"Uncle Bob's Organic Dried Pears","150,00р.",5,0
10811,"Louisiana Fiery Hot Pepper Sauce","92,00р.",15,0
10811,"Gudbrandsdalsost","90,00р.",18,0
10811,"Chartreuse verte","184,00р.",30,0
10812,"Original Frankfurter grune Sosse","125,00р.",16,"0,1"
10812,"Mishi Kobe Niku","348,00р.",40,"0,1"
10812,"Tofu","130,00р.",20,0
10813,"Pavlova","190,00р.",12,"0,2"
10813,"Rogede sild","120,00р.",35,0
10814,"Boston Crab Meat","96,50р.",20,0
10814,"Singaporean Hokkien Fried Mee","460,00р.",20,"0,15"
10814,"Zaanse koeken","127,50р.",8,"0,15"
10814,"Camembert Pierrot","285,00р.",30,"0,15"
10815,"Mascarpone Fabioli","25,00р.",16,0
10816,"Gravad lax","2 635,00р.",30,"0,05"
10816,"Sirop d'erable","493,00р.",20,"0,05"
10817,"Mozzarella di Giovanni","312,30р.",40,"0,15"
10817,"Gravad lax","2 635,00р.",30,0
10817,"Chartreuse verte","184,00р.",60,"0,15"
10817,"Sirop d'erable","493,00р.",25,"0,15"
10818,"Gorgonzola Telino","320,00р.",20,0
10818,"Boston Crab Meat","96,50р.",20,0
10819,"Singaporean Hokkien Fried Mee","460,00р.",7,0
10819,"Queso Manchego La Pastora","77,50р.",20,0
10820,"Pate chinois","380,00р.",30,0
10821,"Sasquatch Ale","180,00р.",20,0
10821,"Valkoinen suklaa","530,00р.",6,0
10822,"Sirop d'erable","493,00р.",3,0
10822,"Uncle Bob's Organic Dried Pears","150,00р.",6,0
10823,"NuNuCa Nuss-Nougat-Creme","210,00р.",20,"0,1"
10823,"Gnocchi di nonna Alice","195,00р.",15,0
10823,"Escargots de Bourgogne","550,00р.",40,"0,1"
10823,"Tofu","130,00р.",15,"0,1"
10824,"Boston Crab Meat","96,50р.",12,0
10824,"Uncle Bob's Organic Dried Pears","150,00р.",9,0
10825,"Mozzarella di Giovanni","312,30р.",12,0
10825,"Filo Mix","328,00р.",20,0
10826,"Original Frankfurter grune Sosse","125,00р.",35,0
10826,"Gnocchi di nonna Alice","195,00р.",15,0
10827,"Guarana Fantastica","310,00р.",15,0
10827,"Cote de Blaye","180,00р.",21,0
10828,"Louisiana Hot Spiced Okra","810,00р.",5,0
10828,"Gravad lax","2 635,00р.",2,0
10829,"Pavlova","190,00р.",10,0
10829,"Gustaf's Knackebrod","400,00р.",20,0
10829,"Schoggi Schokolade","60,00р.",10,0
10829,"Raclette Courdavault","340,00р.",21,0
10830,"Sir Rodney's Marmalade","250,00р.",6,0
10830,"Cote de Blaye","180,00р.",28,0
10830,"Raclette Courdavault","340,00р.",30,0
10830,"Chef Anton's Gumbo Mix","125,00р.",24,0
10831,"Louisiana Fiery Hot Pepper Sauce","92,00р.",2,0
10831,"Sasquatch Ale","180,00р.",8,0
10831,"Gravad lax","2 635,00р.",8,0
10831,"Singaporean Hokkien Fried Mee","460,00р.",9,0
10832,"Schoggi Schokolade","60,00р.",3,"0,2"
10832,"Flotemysost","140,00р.",10,"0,2"
10832,"Ipoh Coffee","194,50р.",16,"0,2"
10832,"Chai","332,50р.",3,0
10833,"Sir Rodney's Scones","300,00р.",20,"0,1"
10833,"Original Frankfurter grune Sosse","125,00р.",9,"0,1"
10833,"Filo Mix","328,00р.",9,"0,1"
10834,"Rhonbrau Klosterbier","1 237,90р.",8,"0,05"
10834,"Lakkalikoori","258,90р.",20,"0,05"
10835,"Escargots de Bourgogne","550,00р.",15,0
10835,"Tofu","130,00р.",2,"0,2"
10836,"Scottish Longbreads","210,00р.",52,0
10836,"Sasquatch Ale","180,00р.",6,0
10836,"Gnocchi di nonna Alice","195,00р.",24,0
10836,"Raclette Courdavault","340,00р.",60,0
10836,"Chai","332,50р.",30,0
10837,"Schoggi Schokolade","60,00р.",6,0
10837,"Chartreuse verte","184,00р.",25,0
10837,"Spegesild","95,00р.",40,"0,25"
10837,"Konbu","180,00р.",21,"0,25"
10838,"Genen Shouyu","180,00р.",4,"0,25"
10838,"Wimmers gute Semmelknodel","625,00р.",25,"0,25"
10838,"Steeleye Stout","190,00р.",50,"0,25"
10839,"Ravioli Angelo","132,50р.",30,"0,1"
10839,"Mishi Kobe Niku","348,00р.",15,"0,1"
10840,"Flotemysost","140,00р.",6,"0,2"
10840,"Cote de Blaye","180,00р.",10,"0,2"
10841,"Guarana Fantastica","310,00р.",16,0
10841,"Pate chinois","380,00р.",30,0
10841,"Escargots de Bourgogne","550,00р.",50,0
10841,"Tofu","130,00р.",15,0
10842,"NuNuCa Nuss-Nougat-Creme","210,00р.",15,0
10842,"Singaporean Hokkien Fried Mee","460,00р.",5,0
10842,"Chef Anton's Gumbo Mix","125,00р.",20,0
10842,"Uncle Bob's Organic Dried Pears","150,00р.",12,0
10843,"Valkoinen suklaa","530,00р.",4,"0,25"
10844,"Scottish Longbreads","210,00р.",35,0
10845,"Gudbrandsdalsost","90,00р.",70,"0,1"
10845,"Sasquatch Ale","180,00р.",25,"0,1"
10845,"Jack's New England Clam Chowder","140,00р.",42,"0,1"
10845,"Ravioli Angelo","132,50р.",60,"0,1"
10845,"Chai","332,50р.",48,0
10846,"Carnarvon Tigers","220,00р.",21,0
10846,"Uncle Bob's Organic Dried Pears","150,00р.",30,0
10846,"Queso Cabrales","100,00р.",20,0
10847,"Genen Shouyu","180,00р.",80,"0,2"
10847,"Louisiana Fiery Hot Pepper Sauce","92,00р.",12,"0,2"
10847,"Inlagd Sill","260,00р.",60,"0,2"
10847,"Gula Malacca","95,00р.",36,"0,2"
10847,"Raclette Courdavault","340,00р.",45,"0,2"
10847,"Northwoods Cranberry Sauce","215,00р.",55,"0,2"
10848,"Teatime Chocolate Biscuits","213,50р.",30,0
10848,"Tunnbrod","970,00р.",3,0
10849,"Alice Mutton","100,00р.",49,0
10849,"Mozzarella di Giovanni","312,30р.",18,"0,15"
10850,"Flotemysost","140,00р.",20,"0,15"
10850,"Mascarpone Fabioli","25,00р.",4,"0,15"
10850,"Uncle Bob's Organic Dried Pears","150,00р.",30,"0,15"
10851,"Pavlova","190,00р.",5,"0,05"
10851,"Flotemysost","140,00р.",10,"0,05"
10851,"Gnocchi di nonna Alice","195,00р.",10,"0,05"
10851,"Escargots de Bourgogne","550,00р.",42,"0,05"
10852,"Pavlova","190,00р.",15,0
10852,"Vegie-spread","390,00р.",6,0
10852,"Sirop d'erable","493,00р.",50,0
10853,"Wimmers gute Semmelknodel","625,00р.",10,0
10854,"Guarana Fantastica","310,00р.",100,"0,15"
10854,"Schoggi Schokolade","60,00р.",65,"0,15"
10855,"Nord-Ost Matjeshering","174,50р.",50,0
10855,"Original Frankfurter grune Sosse","125,00р.",14,0
10855,"Pate chinois","380,00р.",24,0
10855,"Chang","210,50р.",15,"0,15"
10856,"Pavlova","190,00р.",20,0
10856,"Jack's New England Clam Chowder","140,00р.",20,0
10857,"Alice Mutton","100,00р.",30,0
10857,"Mozzarella di Giovanni","312,30р.",35,"0,25"
10857,"Rhonbrau Klosterbier","1 237,90р.",10,"0,25"
10858,"Sir Rodney's Scones","300,00р.",5,0
10858,"Rod Kaviar","439,00р.",10,0
10858,"Uncle Bob's Organic Dried Pears","150,00р.",4,0
10859,"Outback Lager","45,00р.",40,"0,25"
10859,"Perth Pasties","74,50р.",35,"0,25"
10859,"Chai","332,50р.",30,"0,25"
10860,"Valkoinen suklaa","530,00р.",3,0
10860,"Konbu","180,00р.",20,0
10861,"Vegie-spread","390,00р.",42,0
10861,"Wimmers gute Semmelknodel","625,00р.",20,0
10861,"Laughing Lumberjack Lager","100,00р.",40,0
10861,"Mascarpone Fabioli","25,00р.",35,0
10861,"Sirop d'erable","493,00р.",3,0
10862,"NuNuCa Nuss-Nougat-Creme","210,00р.",25,0
10862,"Manjimup Dried Apples","70,00р.",8,0
10863,"Genen Shouyu","180,00р.",20,"0,15"
10863,"Ravioli Angelo","132,50р.",12,"0,15"
10864,"Sasquatch Ale","180,00р.",4,0
10864,"Chef Anton's Cajun Seasoning","140,00р.",15,0
10865,"Gravad lax","2 635,00р.",60,"0,05"
10865,"Cote de Blaye","180,00р.",80,"0,05"
10866,"Pavlova","190,00р.",21,"0,25"
10866,"Outback Lager","45,00р.",6,"0,25"
10866,"Lakkalikoori","258,90р.",40,"0,25"
10867,"Filo Mix","328,00р.",3,0
10868,"Mozzarella di Giovanni","312,30р.",20,0
10868,"Sasquatch Ale","180,00р.",30,0
10868,"Chocolade","200,00р.",42,"0,1"
10869,"Genen Shouyu","180,00р.",40,0
10869,"NuNuCa Nuss-Nougat-Creme","210,00р.",10,0
10869,"Gudbrandsdalsost","90,00р.",50,0
10869,"Chef Anton's Gumbo Mix","125,00р.",20,0
10870,"Sasquatch Ale","180,00р.",3,0
10870,"Valkoinen suklaa","530,00р.",2,0
10871,"Sir Rodney's Marmalade","250,00р.",50,"0,05"
10871,"Nord-Ost Matjeshering","174,50р.",12,"0,05"
10871,"Vegie-spread","390,00р.",16,"0,05"
10872,"Tourtiere","240,00р.",10,"0,05"
10872,"Sirop d'erable","493,00р.",20,"0,05"
10872,"Chai","332,50р.",15,"0,05"
10872,"Chang","210,50р.",21,"0,05"
10873,"Laughing Lumberjack Lager","100,00р.",20,0
10873,"Longlife Tofu","456,00р.",3,0
10874,"Guarana Fantastica","310,00р.",10,0
10875,"Louisiana Fiery Hot Pepper Sauce","92,00р.",25,0
10875,"Spegesild","95,00р.",21,"0,1"
10875,"Chocolade","200,00р.",15,0
10876,"Rogede sild","120,00р.",21,0
10876,"Chai","332,50р.",20,0
10877,"Nord-Ost Matjeshering","174,50р.",30,"0,25"
10877,"Wimmers gute Semmelknodel","625,00р.",25,0
10878,"Louisiana Hot Spiced Okra","810,00р.",20,"0,05"
10879,"Chartreuse verte","184,00р.",12,0
10879,"Chang","210,50р.",10,0
10879,"Konbu","180,00р.",10,0
10880,"Gudbrandsdalsost","90,00р.",30,"0,2"
10880,"Camembert Pierrot","285,00р.",30,"0,2"
10880,"Uncle Bob's Organic Dried Pears","150,00р.",50,"0,2"
10881,"Ikura","150,00р.",10,0
10882,"Jack's New England Clam Chowder","140,00р.",25,0
10882,"Chocolade","200,00р.",20,"0,15"
10882,"Perth Pasties","74,50р.",32,"0,15"
10883,"Outback Lager","45,00р.",8,0
10884,"Laughing Lumberjack Lager","100,00р.",40,"0,05"
10884,"Pate chinois","380,00р.",21,"0,05"
10884,"Chang","210,50р.",12,"0,05"
10885,"Pavlova","190,00р.",20,0
10885,"Outback Lager","45,00р.",12,0
10885,"Uncle Bob's Organic Dried Pears","150,00р.",30,0
10885,"Tofu","130,00р.",25,0
10886,"Guarana Fantastica","310,00р.",70,0
10886,"Original Frankfurter grune Sosse","125,00р.",35,0
10886,"Tofu","130,00р.",40,0
10887,"Flotemysost","140,00р.",5,0
10888,"Pavlova","190,00р.",20,0
10888,"Chef Anton's Gumbo Mix","125,00р.",18,0
10889,"NuNuCa Nuss-Nougat-Creme","210,00р.",40,0
10889,"Gravad lax","2 635,00р.",40,0
10890,"Vegie-spread","390,00р.",15,0
10890,"Geitost","140,00р.",10,0
10890,"Boston Crab Meat","96,50р.",14,0
10891,"Lakkalikoori","258,90р.",15,"0,05"
10892,"Escargots de Bourgogne","550,00р.",40,"0,05"
10893,"Gustaf's Knackebrod","400,00р.",30,0
10893,"Outback Lager","45,00р.",10,0
10893,"Rhonbrau Klosterbier","1 237,90р.",24,0
10893,"Lakkalikoori","258,90р.",35,0
10893,"Steeleye Stout","190,00р.",20,0
10894,"Schoggi Schokolade","60,00р.",28,"0,05"
10894,"Grandma's Boysenberry Spread","360,00р.",50,"0,05"
10894,"Queso Manchego La Pastora","77,50р.",120,"0,05"
10895,"Outback Lager","45,00р.",110,0
10895,"Cote de Blaye","180,00р.",45,0
10895,"Chartreuse verte","184,00р.",91,0
10895,"Raclette Courdavault","340,00р.",100,0
10896,"Gula Malacca","95,00р.",15,0
10896,"Pate chinois","380,00р.",16,0
10897,"Rhonbrau Klosterbier","1 237,90р.",80,0
10897,"Lakkalikoori","258,90р.",36,0
10898,"Schoggi Schokolade","60,00р.",5,0
10899,"Cote de Blaye","180,00р.",8,"0,15"
10900,"Uncle Bob's Organic Dried Pears","150,00р.",3,"0,25"
10901,"Boston Crab Meat","96,50р.",30,0
10901,"Northwoods Cranberry Sauce","215,00р.",30,0
10902,"Tourtiere","240,00р.",30,"0,15"
10902,"Sirop d'erable","493,00р.",6,"0,15"
10903,"Schoggi Schokolade","60,00р.",40,0
10903,"Chang","210,50р.",21,0
10903,"Chef Anton's Gumbo Mix","125,00р.",20,0
10904,"Ravioli Angelo","132,50р.",15,0
10904,"Sirop d'erable","493,00р.",35,0
10905,"Genen Shouyu","180,00р.",20,"0,05"
10906,"Camembert Pierrot","285,00р.",15,0
10907,"Queso Manchego La Pastora","77,50р.",14,0
10908,"Sir Rodney's Scones","300,00р.",20,"0,05"
10908,"Manjimup Dried Apples","70,00р.",14,"0,05"
10909,"Sir Rodney's Scones","300,00р.",12,0
10909,"Nord-Ost Matjeshering","174,50р.",15,0
10909,"Boston Crab Meat","96,50р.",5,0
10910,"Louisiana Fiery Hot Pepper Sauce","92,00р.",12,0
10910,"Chocolade","200,00р.",10,0
10910,"Camembert Pierrot","285,00р.",5,0
10911,"Genen Shouyu","180,00р.",10,0
10911,"Vegie-spread","390,00р.",12,0
10911,"Chef Anton's Cajun Seasoning","140,00р.",15,0
10912,"NuNuCa Nuss-Nougat-Creme","210,00р.",40,"0,25"
10912,"Rhonbrau Klosterbier","1 237,90р.",60,"0,25"
10913,"Carnarvon Tigers","220,00р.",30,"0,25"
10913,"Mascarpone Fabioli","25,00р.",40,"0,25"
10913,"Ravioli Angelo","132,50р.",15,0
10914,"Northwoods Cranberry Sauce","215,00р.",25,0
10915,"Vegie-spread","390,00р.",10,0
10915,"Mascarpone Fabioli","25,00р.",30,0
10915,"Perth Pasties","74,50р.",10,0
10916,"Nord-Ost Matjeshering","174,50р.",6,0
10916,"Gorgonzola Telino","320,00р.",6,0
10916,"Gnocchi di nonna Alice","195,00р.",20,0
10917,"Lakkalikoori","258,90р.",1,0
10917,"Raclette Courdavault","340,00р.",10,0
10918,"Genen Shouyu","180,00р.",60,"0,25"
10918,"Raclette Courdavault","340,00р.",25,"0,25"
10919,"Nord-Ost Matjeshering","174,50р.",24,0
10919,"Flotemysost","140,00р.",24,0
10919,"Chartreuse verte","184,00р.",20,0
10920,"Maxilaku","162,50р.",24,0
10921,"Sasquatch Ale","180,00р.",10,0
10921,"Tarte au sucre","439,00р.",40,0
10922,"Vegie-spread","390,00р.",15,0
10922,"Outback Lager","45,00р.",35,0
10923,"Jack's New England Clam Chowder","140,00р.",10,"0,2"
10923,"Singaporean Hokkien Fried Mee","460,00р.",10,"0,2"
10923,"Chef Anton's Cajun Seasoning","140,00р.",24,"0,2"
10924,"Guarana Fantastica","310,00р.",20,"0,1"
10924,"Longlife Tofu","456,00р.",30,"0,1"
10924,"Queso Manchego La Pastora","77,50р.",6,0
10925,"Steeleye Stout","190,00р.",25,"0,15"
10925,"Manjimup Dried Apples","70,00р.",12,"0,15"
10926,"NuNuCa Nuss-Nougat-Creme","210,00р.",2,0
10926,"Schoggi Schokolade","60,00р.",10,0
10926,"Louisiana Fiery Hot Pepper Sauce","92,00р.",7,0
10926,"Mishi Kobe Niku","348,00р.",10,0
10927,"Louisiana Hot Spiced Okra","810,00р.",5,0
10927,"Manjimup Dried Apples","70,00р.",5,0
10927,"Konbu","180,00р.",20,0
10928,"Spegesild","95,00р.",5,0
10928,"Konbu","180,00р.",5,0
10929,"Laughing Lumberjack Lager","100,00р.",60,0
10929,"Queso Manchego La Pastora","77,50р.",49,0
10929,"Tofu","130,00р.",15,0
10930,"Laughing Lumberjack Lager","100,00р.",36,0
10930,"Rod Kaviar","439,00р.",25,0
10930,"Tourtiere","240,00р.",25,"0,2"
10930,"Ravioli Angelo","132,50р.",30,"0,2"
10931,"Schoggi Schokolade","60,00р.",42,"0,15"
10931,"Gnocchi di nonna Alice","195,00р.",30,0
10932,"Nord-Ost Matjeshering","174,50р.",30,"0,1"
10932,"Sirop d'erable","493,00р.",14,"0,1"
10932,"Mishi Kobe Niku","348,00р.",16,0
10932,"Queso Manchego La Pastora","77,50р.",20,"0,1"
10933,"Filo Mix","328,00р.",2,0
10933,"Camembert Pierrot","285,00р.",30,0
10934,"Sir Rodney's Marmalade","250,00р.",20,0
10935,"Genen Shouyu","180,00р.",21,0
10935,"Wimmers gute Semmelknodel","625,00р.",4,"0,25"
10935,"Gudbrandsdalsost","90,00р.",8,"0,25"
10936,"Steeleye Stout","190,00р.",30,"0,2"
10937,"Longlife Tofu","456,00р.",8,0
10937,"Geitost","140,00р.",20,0
10938,"Schoggi Schokolade","60,00р.",20,"0,25"
10938,"Singaporean Hokkien Fried Mee","460,00р.",24,"0,25"
10938,"Raclette Courdavault","340,00р.",49,"0,25"
10938,"Northwoods Cranberry Sauce","215,00р.",35,"0,25"
10939,"Pavlova","190,00р.",10,"0,15"
10939,"Chef Anton's Cajun Seasoning","140,00р.",40,"0,15"
10940,"Sir Rodney's Scones","300,00р.",8,0
10940,"Schoggi Schokolade","60,00р.",20,0
10941,"Original Frankfurter grune Sosse","125,00р.",44,"0,25"
10941,"Sirop d'erable","493,00р.",30,"0,25"
10941,"Chef Anton's Gumbo Mix","125,00р.",80,"0,25"
10941,"Mishi Kobe Niku","348,00р.",50,0
10942,"Chocolade","200,00р.",28,0
10943,"Schoggi Schokolade","60,00р.",15,0
10943,"Scottish Longbreads","210,00р.",21,0
10943,"Rogede sild","120,00р.",15,0
10944,"NuNuCa Nuss-Nougat-Creme","210,00р.",5,"0,25"
10944,"Ipoh Coffee","194,50р.",18,"0,25"
10944,"Pate chinois","380,00р.",18,0
10945,"Schoggi Schokolade","60,00р.",20,0
10945,"Original Frankfurter grune Sosse","125,00р.",10,0
10946,"Guarana Fantastica","310,00р.",25,0
10946,"Outback Lager","45,00р.",25,0
10946,"Tofu","130,00р.",40,0
10947,"Escargots de Bourgogne","550,00р.",4,0
10948,"Maxilaku","162,50р.",9,0
10948,"Valkoinen suklaa","530,00р.",40,0
10948,"Tourtiere","240,00р.",4,0
10949,"Sir Rodney's Marmalade","250,00р.",12,0
10949,"Guarana Fantastica","310,00р.",30,0
10949,"Vegie-spread","390,00р.",6,0
10949,"Sirop d'erable","493,00р.",60,0
10950,"Carnarvon Tigers","220,00р.",5,0
10951,"Mascarpone Fabioli","25,00р.",15,"0,05"
10951,"Boston Crab Meat","96,50р.",6,"0,05"
10951,"Queso Manchego La Pastora","77,50р.",50,"0,05"
10952,"Sir Rodney's Marmalade","250,00р.",16,"0,05"
10952,"Longlife Tofu","456,00р.",2,0
10953,"Louisiana Hot Spiced Okra","810,00р.",50,"0,05"
10953,"Original Frankfurter grune Sosse","125,00р.",50,"0,05"
10954,"Nord-Ost Matjeshering","174,50р.",28,"0,15"
10954,"Original Frankfurter grune Sosse","125,00р.",25,"0,15"
10954,"Gula Malacca","95,00р.",30,0
10954,"Raclette Courdavault","340,00р.",24,"0,15"
10955,"Queso Manchego La Pastora","77,50р.",12,"0,2"
10956,"Laughing Lumberjack Lager","100,00р.",12,0
10956,"Spegesild","95,00р.",14,0
10956,"Valkoinen suklaa","530,00р.",8,0
10957,"Lakkalikoori","258,90р.",30,0
10957,"Sasquatch Ale","180,00р.",40,0
10957,"Chai","332,50р.",8,0
10958,"Teatime Chocolate Biscuits","213,50р.",20,0
10958,"Sir Rodney's Scones","300,00р.",6,0
10958,"Mishi Kobe Niku","348,00р.",5,0
10959,"Queso Manchego La Pastora","77,50р.",20,"0,15"
10960,"Outback Lager","45,00р.",10,"0,25"
10960,"Boston Crab Meat","96,50р.",24,0
10961,"Manjimup Dried Apples","70,00р.",6,"0,05"
10961,"Konbu","180,00р.",60,0
10962,"Sir Rodney's Scones","300,00р.",45,0
10962,"Schoggi Schokolade","60,00р.",77,0
10962,"Filo Mix","328,00р.",20,0
10962,"Grandma's Boysenberry Spread","360,00р.",9,0
10962,"Konbu","180,00р.",44,0
10963,"Raclette Courdavault","340,00р.",2,"0,15"
10964,"Wimmers gute Semmelknodel","625,00р.",6,0
10964,"Gravad lax","2 635,00р.",5,0
10964,"Grandma's Boysenberry Spread","360,00р.",10,0
10965,"Valkoinen suklaa","530,00р.",16,0
10966,"Inlagd Sill","260,00р.",8,0
10966,"Pate chinois","380,00р.",12,"0,15"
10966,"Sirop d'erable","493,00р.",12,"0,15"
10967,"Louisiana Fiery Hot Pepper Sauce","92,00р.",12,0
10967,"Chocolade","200,00р.",40,0
10968,"Gumbar Gummibarchen","380,00р.",30,0
10968,"Outback Lager","45,00р.",30,0
10968,"Chai","332,50р.",4,0
10969,"Rogede sild","120,00р.",9,0
10970,"Manjimup Dried Apples","70,00р.",40,"0,2"
10971,"Rhonbrau Klosterbier","1 237,90р.",14,0
10972,"Vegie-spread","390,00р.",6,0
10972,"Mascarpone Fabioli","25,00р.",7,0
10973,"Mozzarella di Giovanni","312,30р.",5,0
10973,"Boston Crab Meat","96,50р.",6,0
10973,"Queso Manchego La Pastora","77,50р.",10,0
10974,"Tarte au sucre","439,00р.",10,0
10975,"Gustaf's Knackebrod","400,00р.",16,0
10975,"Queso Manchego La Pastora","77,50р.",10,0
10976,"Longlife Tofu","456,00р.",20,0
10977,"Cote de Blaye","180,00р.",30,0
10977,"Spegesild","95,00р.",30,0
10977,"Valkoinen suklaa","530,00р.",10,0
10977,"Tarte au sucre","439,00р.",20,0
10978,"Gustaf's Knackebrod","400,00р.",20,"0,15"
10978,"Laughing Lumberjack Lager","100,00р.",40,"0,15"
10978,"Chartreuse verte","184,00р.",10,0
10978,"Ipoh Coffee","194,50р.",6,"0,15"
10979,"Sir Rodney's Scones","300,00р.",18,0
10979,"Gumbar Gummibarchen","380,00р.",20,0
10979,"Outback Lager","45,00р.",80,0
10979,"Rod Kaviar","439,00р.",30,0
10979,"Original Frankfurter grune Sosse","125,00р.",24,0
10979,"Tarte au sucre","439,00р.",35,0
10980,"Queso Manchego La Pastora","77,50р.",40,"0,2"
10981,"Gravad lax","2 635,00р.",60,0
10982,"Sir Rodney's Scones","300,00р.",20,0
10982,"Singaporean Hokkien Fried Mee","460,00р.",9,0
10983,"Schoggi Schokolade","60,00р.",84,"0,15"
10983,"Gnocchi di nonna Alice","195,00р.",15,0
10984,"Nord-Ost Matjeshering","174,50р.",55,0
10984,"Outback Lager","45,00р.",20,0
10984,"Steeleye Stout","190,00р.",40,0
10985,"Nord-Ost Matjeshering","174,50р.",36,"0,1"
10985,"Wimmers gute Semmelknodel","625,00р.",8,"0,1"
10985,"Gorgonzola Telino","320,00р.",35,"0,1"
10986,"NuNuCa Nuss-Nougat-Creme","210,00р.",30,0
10986,"Louisiana Hot Spiced Okra","810,00р.",15,0
10986,"Konbu","180,00р.",10,0
10986,"Tofu","130,00р.",15,0
10987,"Sir Rodney's Scones","300,00р.",60,0
10987,"Singaporean Hokkien Fried Mee","460,00р.",6,0
10987,"Mishi Kobe Niku","348,00р.",20,0
10988,"Sir Rodney's Scones","300,00р.",60,0
10988,"Sirop d'erable","493,00р.",40,"0,1"
10989,"Sir Rodney's Marmalade","250,00р.",40,0
10989,"NuNuCa Nuss-Nougat-Creme","210,00р.",15,0
10989,"Boston Crab Meat","96,50р.",4,0
10990,"Laughing Lumberjack Lager","100,00р.",65,0
10990,"Geitost","140,00р.",60,"0,15"
10990,"Tourtiere","240,00р.",65,"0,15"
10990,"Camembert Pierrot","285,00р.",66,"0,15"
10991,"Pavlova","190,00р.",50,"0,2"
10991,"Uncle Bob's Organic Dried Pears","150,00р.",20,"0,2"
10991,"Konbu","180,00р.",90,"0,2"
10992,"Mishi Kobe Niku","348,00р.",2,0
10993,"Rhonbrau Klosterbier","1 237,90р.",50,"0,25"
10993,"Boston Crab Meat","96,50р.",35,"0,25"
10994,"Escargots de Bourgogne","550,00р.",18,"0,05"
10995,"Valkoinen suklaa","530,00р.",20,0
10995,"Raclette Courdavault","340,00р.",4,0
10996,"Jack's New England Clam Chowder","140,00р.",40,0
10997,"Gorgonzola Telino","320,00р.",50,0
10997,"Rogede sild","120,00р.",20,"0,25"
10997,"Manjimup Dried Apples","70,00р.",20,"0,25"
10998,"Outback Lager","45,00р.",12,0
10998,"Camembert Pierrot","285,00р.",7,0
10998,"Queso Cabrales","100,00р.",20,0
10998,"Queso Manchego La Pastora","77,50р.",30,0
10999,"Boston Crab Meat","96,50р.",20,"0,05"
10999,"Valkoinen suklaa","530,00р.",15,"0,05"
10999,"Tofu","130,00р.",21,"0,05"
11000,"Carnarvon Tigers","220,00р.",25,"0,25"
11000,"Outback Lager","45,00р.",30,"0,25"
11000,"Tofu","130,00р.",30,0
11001,"Sir Rodney's Scones","300,00р.",60,0
11001,"Scottish Longbreads","210,00р.",25,0
11001,"Rogede sild","120,00р.",25,0
11001,"Tourtiere","240,00р.",6,0
11002,"Schoggi Schokolade","60,00р.",56,0
11002,"Sasquatch Ale","180,00р.",15,"0,15"
11002,"Jack's New England Clam Chowder","140,00р.",24,"0,15"
11002,"Tourtiere","240,00р.",40,0
11003,"Genen Shouyu","180,00р.",4,0
11003,"Chartreuse verte","184,00р.",10,0
11003,"Manjimup Dried Apples","70,00р.",10,0
11004,"Mozzarella di Giovanni","312,30р.",6,0
11004,"Konbu","180,00р.",6,0
11005,"Genen Shouyu","180,00р.",2,0
11005,"Escargots de Bourgogne","550,00р.",10,0
11006,"Genen Shouyu","180,00р.",8,0
11006,"Rhonbrau Klosterbier","1 237,90р.",2,"0,25"
11007,"Gustaf's Knackebrod","400,00р.",30,0
11007,"Rhonbrau Klosterbier","1 237,90р.",10,0
11007,"Jack's New England Clam Chowder","140,00р.",14,0
11008,"Longlife Tofu","456,00р.",70,"0,05"
11008,"Geitost","140,00р.",90,"0,05"
11008,"Northwoods Cranberry Sauce","215,00р.",21,0
11009,"Outback Lager","45,00р.",12,0
11009,"Steeleye Stout","190,00р.",18,"0,25"
11009,"Raclette Courdavault","340,00р.",9,0
11010,"Sir Rodney's Scones","300,00р.",20,0
11010,"Outback Lager","45,00р.",10,0
11011,"Ravioli Angelo","132,50р.",40,"0,05"
11011,"Northwoods Cranberry Sauce","215,00р.",20,0
11012,"Louisiana Fiery Hot Pepper Sauce","92,00р.",50,"0,05"
11012,"Raclette Courdavault","340,00р.",36,"0,05"
11012,"Northwoods Cranberry Sauce","215,00р.",60,"0,05"
11013,"Gudbrandsdalsost","90,00р.",10,0
11013,"Jack's New England Clam Chowder","140,00р.",4,0
11013,"Gula Malacca","95,00р.",20,0
11013,"Chef Anton's Gumbo Mix","125,00р.",2,0
11014,"Boston Crab Meat","96,50р.",28,"0,1"
11015,"Lakkalikoori","258,90р.",15,0
11015,"Tofu","130,00р.",18,0
11016,"Original Frankfurter grune Sosse","125,00р.",15,0
11016,"Steeleye Stout","190,00р.",16,0
11017,"Alice Mutton","100,00р.",25,0
11017,"Escargots de Bourgogne","550,00р.",110,0
11017,"Uncle Bob's Organic Dried Pears","150,00р.",30,0
11018,"Gumbar Gummibarchen","380,00р.",20,0
11018,"Wimmers gute Semmelknodel","625,00р.",10,0
11018,"Pate chinois","380,00р.",5,0
11019,"Rogede sild","120,00р.",3,0
11019,"Chocolade","200,00р.",2,0
11020,"Guarana Fantastica","310,00р.",24,"0,15"
11021,"Pavlova","190,00р.",11,"0,25"
11021,"Louisiana Hot Spiced Okra","810,00р.",15,0
11021,"Mozzarella di Giovanni","312,30р.",63,0
11021,"Valkoinen suklaa","530,00р.",44,"0,25"
11021,"Mishi Kobe Niku","348,00р.",35,0
11022,"Louisiana Fiery Hot Pepper Sauce","92,00р.",35,0
11022,"Grandma's Boysenberry Spread","360,00р.",30,0
11023,"Sir Rodney's Scones","300,00р.",4,0
11023,"Singaporean Hokkien Fried Mee","460,00р.",30,0
11024,"Mozzarella di Giovanni","312,30р.",12,0
11024,"Mascarpone Fabioli","25,00р.",30,0
11024,"Chang","210,50р.",21,0
11024,"Northwoods Cranberry Sauce","215,00р.",50,0
11025,"Genen Shouyu","180,00р.",10,"0,1"
11025,"Schoggi Schokolade","60,00р.",20,"0,1"
11026,"Wimmers gute Semmelknodel","625,00р.",8,0
11026,"Valkoinen suklaa","530,00р.",10,0
11027,"Outback Lager","45,00р.",30,"0,25"
11027,"Sirop d'erable","493,00р.",21,"0,25"
11028,"Tourtiere","240,00р.",35,0
11028,"Escargots de Bourgogne","550,00р.",24,0
11029,"Pate chinois","380,00р.",20,0
11029,"Tarte au sucre","439,00р.",12,0
11030,"Pavlova","190,00р.",100,"0,25"
11030,"Teatime Chocolate Biscuits","213,50р.",70,0
11030,"Rhonbrau Klosterbier","1 237,90р.",60,"0,25"
11030,"Escargots de Bourgogne","550,00р.",100,"0,25"
11031,"Genen Shouyu","180,00р.",45,0
11031,"Schoggi Schokolade","60,00р.",80,0
11031,"Outback Lager","45,00р.",21,0
11031,"Chai","332,50р.",20,0
11031,"Northwoods Cranberry Sauce","215,00р.",16,0
11032,"Steeleye Stout","190,00р.",35,0
11032,"Gravad lax","2 635,00р.",25,0
11032,"Escargots de Bourgogne","550,00р.",30,0
11033,"Filo Mix","328,00р.",70,"0,1"
11033,"Grandma's Boysenberry Spread","360,00р.",36,"0,1"
11034,"Laughing Lumberjack Lager","100,00р.",15,"0,1"
11034,"Ipoh Coffee","194,50р.",12,0
11034,"Camembert Pierrot","285,00р.",6,0
11035,"Genen Shouyu","180,00р.",10,0
11035,"Sasquatch Ale","180,00р.",60,0
11035,"Jack's New England Clam Chowder","140,00р.",30,0
11035,"Perth Pasties","74,50р.",10,0
11036,"Schoggi Schokolade","60,00р.",7,0
11036,"Escargots de Bourgogne","550,00р.",30,0
11037,"Uncle Bob's Organic Dried Pears","150,00р.",4,0
11038,"Chartreuse verte","184,00р.",5,"0,2"
11038,"Manjimup Dried Apples","70,00р.",2,0
11038,"Northwoods Cranberry Sauce","215,00р.",30,0
11039,"Longlife Tofu","456,00р.",20,0
11039,"Sasquatch Ale","180,00р.",24,0
11039,"Chocolade","200,00р.",60,0
11039,"Gnocchi di nonna Alice","195,00р.",28,0
11040,"Laughing Lumberjack Lager","100,00р.",20,0
11041,"Pavlova","190,00р.",30,"0,2"
11041,"Tarte au sucre","439,00р.",30,0
11042,"Ipoh Coffee","194,50р.",15,0
11042,"Camembert Pierrot","285,00р.",4,0
11043,"NuNuCa Nuss-Nougat-Creme","210,00р.",10,0
11044,"Sirop d'erable","493,00р.",12,0
11045,"Mascarpone Fabioli","25,00р.",15,0
11045,"Valkoinen suklaa","530,00р.",24,0
11046,"Gumbar Gummibarchen","380,00р.",20,"0,05"
11046,"Gorgonzola Telino","320,00р.",15,"0,05"
11046,"Sasquatch Ale","180,00р.",18,"0,05"
11047,"Genen Shouyu","180,00р.",25,"0,25"
11047,"Teatime Chocolate Biscuits","213,50р.",30,"0,25"
11048,"Chef Anton's Gumbo Mix","125,00р.",42,0
11049,"Pavlova","190,00р.",10,"0,2"
11049,"Gumbar Gummibarchen","380,00р.",4,"0,2"
11050,"Konbu","180,00р.",50,"0,1"
11051,"Outback Lager","45,00р.",10,"0,2"
11052,"Singaporean Hokkien Fried Mee","460,00р.",30,"0,2"
11052,"Camembert Pierrot","285,00р.",10,"0,2"
11053,"Wimmers gute Semmelknodel","625,00р.",35,"0,2"
11053,"Gorgonzola Telino","320,00р.",20,0
11053,"Chai","332,50р.",25,"0,2"
11054,"Mascarpone Fabioli","25,00р.",10,0
11054,"Chef Anton's Cajun Seasoning","140,00р.",20,0
11055,"Outback Lager","45,00р.",15,0
11055,"Flotemysost","140,00р.",15,0
11055,"Valkoinen suklaa","530,00р.",20,0
11055,"Gnocchi di nonna Alice","195,00р.",20,0
11056,"Sir Rodney's Scones","300,00р.",40,0
11056,"Tourtiere","240,00р.",35,0
11056,"Raclette Courdavault","340,00р.",50,0
11057,"Uncle Bob's Organic Dried Pears","150,00р.",3,0
11058,"Laughing Lumberjack Lager","100,00р.",3,0
11058,"Raclette Courdavault","340,00р.",21,0
11058,"Camembert Pierrot","285,00р.",4,0
11059,"Schoggi Schokolade","60,00р.",30,0
11059,"Vegie-spread","390,00р.",12,0
11059,"Raclette Courdavault","340,00р.",35,0
11060,"Raclette Courdavault","340,00р.",4,0
11060,"Tofu","130,00р.",10,0
11061,"Raclette Courdavault","340,00р.",15,0
11062,"Filo Mix","328,00р.",10,"0,2"
11062,"Uncle Bob's Organic Dried Pears","150,00р.",12,"0,2"
11063,"Geitost","140,00р.",30,0
11063,"Chartreuse verte","184,00р.",40,"0,1"
11063,"Boston Crab Meat","96,50р.",30,"0,1"
11064,"Vegie-spread","390,00р.",77,"0,1"
11064,"Boston Crab Meat","96,50р.",12,0
11064,"Filo Mix","328,00р.",25,"0,1"
11064,"Tourtiere","240,00р.",4,"0,1"
11064,"Chef Anton's Gumbo Mix","125,00р.",55,0
11065,"Lakkalikoori","258,90р.",4,"0,25"
11065,"Perth Pasties","74,50р.",20,"0,25"
11066,"Nord-Ost Matjeshering","174,50р.",3,0
11066,"Louisiana Fiery Hot Pepper Sauce","92,00р.",42,0
11066,"Geitost","140,00р.",35,0
11067,"Boston Crab Meat","96,50р.",9,0
11068,"Longlife Tofu","456,00р.",8,"0,15"
11068,"Singaporean Hokkien Fried Mee","460,00р.",36,"0,15"
11068,"Tofu","130,00р.",28,"0,15"
11069,"Cote de Blaye","180,00р.",20,0
11070,"Genen Shouyu","180,00р.",40,"0,15"
11070,"Pavlova","190,00р.",20,"0,15"
11070,"Nord-Ost Matjeshering","174,50р.",30,"0,15"
11070,"Original Frankfurter grune Sosse","125,00р.",20,0
11071,"Sir Rodney's Scones","300,00р.",15,"0,05"
11071,"Schoggi Schokolade","60,00р.",10,"0,05"
11072,"Pavlova","190,00р.",8,0
11072,"Boston Crab Meat","96,50р.",40,0
11072,"Maxilaku","162,50р.",22,0
11072,"Chai","332,50р.",130,0
11073,"NuNuCa Nuss-Nougat-Creme","210,00р.",10,0
11073,"Outback Lager","45,00р.",20,0
11074,"Nord-Ost Matjeshering","174,50р.",14,"0,05"
11075,"Pavlova","190,00р.",10,"0,15"
11075,"Rogede sild","120,00р.",30,"0,15"
11075,"Konbu","180,00р.",2,"0,15"
11076,"Sir Rodney's Marmalade","250,00р.",20,"0,25"
11076,"Rossle Sauerkraut","232,50р.",20,"0,25"
11076,"Louisiana Fiery Hot Pepper Sauce","92,00р.",10,"0,25"
11077,"Pavlova","190,00р.",24,"0,2"
11077,"Alice Mutton","100,00р.",4,0
11077,"Carnarvon Tigers","220,00р.",1,0
11077,"Sir Rodney's Marmalade","250,00р.",1,"0,02"
11077,"Sir Rodney's Scones","300,00р.",1,"0,05"
11077,"Gustaf's Knackebrod","400,00р.",2,"0,1"
11077,"Guarana Fantastica","310,00р.",1,0
11077,"Gumbar Gummibarchen","380,00р.",2,"0,05"
11077,"Schoggi Schokolade","60,00р.",4,0
11077,"Rossle Sauerkraut","232,50р.",1,"0,03"
11077,"Nord-Ost Matjeshering","174,50р.",2,"0,03"
11077,"Louisiana Hot Spiced Okra","810,00р.",1,"0,04"
11077,"Gudbrandsdalsost","90,00р.",2,0
11077,"Gorgonzola Telino","320,00р.",1,0
11077,"Cote de Blaye","180,00р.",2,"0,05"
11077,"Boston Crab Meat","96,50р.",3,0
11077,"Rogede sild","120,00р.",3,"0,02"
11077,"Manjimup Dried Apples","70,00р.",2,0
11077,"Tourtiere","240,00р.",2,0
11077,"Raclette Courdavault","340,00р.",2,"0,06"
11077,"Chai","332,50р.",2,"0,03"
11077,"Aniseed Syrup","170,00р.",1,0
11077,"Ikura","150,00р.",2,"0,01"
11077,"Queso Manchego La Pastora","77,50р.",4,0
11077,"Tofu","130,00р.",2,0
